ticker,name,reason,sub_reason,capital_impair,loss_years,impair_first_year,last_year,last_vs_peak_pct,final_30d_pct,last_date
000030,우리은행,피인수상폐,피인수상폐,재무없음,,,2019,86.3,-9.5,2019-02-12
000060,메리츠화재해상보험,피인수상폐,피인수상폐,정상,0.0,,2023,91.8,10.4,2023-02-20
000360,삼환기업,자진상폐,자진상폐,완전자본잠식,1.0,,2015,40.9,-16.0,2015-04-14
000420,로케트전기,부실상폐,완전자본잠식,완전자본잠식,1.0,2015.0,2015,2.8,-94.6,2015-02-23
000470,그린손해보험,부실상폐,소형·재무자료없음,재무없음,,,2012,2.3,-91.2,2012-07-13
000800,경남기업,부실상폐,완전자본잠식,완전자본잠식,1.0,,2015,2.1,-97.5,2015-04-14
000830,삼성물산,자진상폐,자진상폐,재무없음,,,2015,62.6,-15.0,2015-09-14
001140,국보,부실상폐,부분자본잠식,부분자본잠식,3.0,2021.0,2026,0.7,-99.3,2026-01-26
001300,제일모직,자진상폐,자진상폐,재무없음,,,2014,73.5,4.5,2014-07-14
001310,풍림산업,부실상폐,소형·재무자료없음,재무없음,,,2012,5.3,-92.2,2012-05-17
001600,서광건설산업,부실상폐,소형·재무자료없음,재무없음,,,2010,5.4,-93.7,2010-04-14
001880,디엘건설,피인수상폐,피인수상폐,정상,0.0,,2024,90.8,1.3,2024-02-29
002000,생고뱅코리아홀딩스,자진상폐,자진상폐,정상,0.0,,2018,61.4,-31.0,2018-12-12
002250,알보젠코리아,피인수상폐,피인수상폐,정상,0.0,,2019,99.1,0.0,2019-05-17
002270,롯데푸드,자진상폐,자진상폐,정상,1.0,,2022,68.4,-2.2,2022-07-19
002300,한국제지,피인수상폐,피인수상폐,정상,2.0,,2020,98.0,12.5,2020-07-10
002530,벽산건설,부실상폐,소형·재무자료없음,재무없음,,,2014,0.1,-99.5,2014-04-24
002540,고제,부실상폐,소형·재무자료없음,재무없음,,,2010,1.7,-91.9,2010-04-22
002550,KB손해보험,피인수상폐,피인수상폐,재무없음,,,2017,99.7,2.8,2017-07-20
002670,미주제강,부실상폐,소형·재무자료없음,재무없음,,,2012,7.5,-80.9,2012-04-16
003190,알앤엘재생의학연구소,부실상폐,소형·재무자료없음,재무없음,,,2013,5.2,-79.2,2013-05-02
003410,쌍용씨앤이,피인수상폐,피인수상폐,정상,0.0,,2024,99.7,-0.1,2024-07-08
003450,케이비증권,피인수상폐,피인수상폐,재무없음,,,2016,97.9,1.7,2016-10-31
003560,아이에이치큐,부실상폐,부분자본잠식,부분자본잠식,1.0,2022.0,2026,2.3,-97.7,2026-01-14
003600,SK,피인수상폐,피인수상폐,재무없음,,,2015,88.8,0.7,2015-08-13
003640,유니온스틸,자진상폐,자진상폐,재무없음,,,2015,67.1,-0.5,2015-01-15
003940,삼양제넥스,피인수상폐,피인수상폐,재무없음,,,2016,83.1,10.1,2016-01-20
004010,롯데미도파,자진상폐,자진상폐,재무없음,,,2013,78.9,3.8,2013-01-21
004130,대덕GDS,자진상폐,자진상폐,정상,0.0,,2018,51.8,12.3,2018-12-18
004200,고려개발,피인수상폐,피인수상폐,부분자본잠식,0.0,2017.0,2020,99.5,10.0,2020-07-20
004320,호반산업,부실상폐,완전자본잠식,완전자본잠식,1.0,2015.0,2015,1.4,-90.7,2015-04-10
004550,대우송도개발,부실상폐,소형·재무자료없음,재무없음,,,2012,2.3,-88.6,2012-06-21
004620,캠브리지코오롱,피인수상폐,피인수상폐,재무없음,,,2011,100.0,19.7,2011-05-16
004740,보루네오가구,부실상폐,부분자본잠식,부분자본잠식,2.0,2016.0,2017,5.1,-94.9,2017-07-04
004790,렉스엘이앤지,부실상폐,소형·재무자료없음,재무없음,,,2014,0.9,-94.8,2014-03-03
004820,조인에너지,부실상폐,소형·재무자료없음,재무없음,,,2010,1.1,-98.6,2010-04-14
004940,하나은행,피인수상폐,피인수상폐,재무없음,,,2013,80.2,-5.1,2013-04-25
005190,동성화학,피인수상폐,피인수상폐,정상,0.0,,2021,100.0,11.2,2021-04-15
005270,아이엠뱅크,피인수상폐,피인수상폐,재무없음,,,2011,85.6,-6.9,2011-06-03
005280,부산은행,피인수상폐,피인수상폐,재무없음,,,2011,92.0,4.0,2011-03-29
005350,심팩인더스트리,부실상폐,소형·재무자료없음,재무없음,,,2011,1.7,-93.6,2011-04-14
005390,신성통상,피인수상폐,피인수상폐,정상,0.0,,2025,97.4,1.0,2025-09-29
005450,신한,부실상폐,부분자본잠식,부분자본잠식,2.0,2019.0,2020,6.7,-93.3,2020-06-29
005560,제이에스전선,피인수상폐,피인수상폐,재무없음,,,2014,62.6,17.0,2014-04-09
005620,대성합동지주,피인수상폐,피인수상폐,정상,2.0,,2017,93.3,7.7,2017-08-24
005900,동양건설산업,부실상폐,소형·재무자료없음,재무없음,,,2014,1.1,-97.0,2014-04-24
005980,성지건설,부실상폐,부분자본잠식,부분자본잠식,3.0,2016.0,2018,7.2,-92.3,2018-10-02
006350,전북은행,피인수상폐,피인수상폐,재무없음,,,2013,92.2,-3.1,2013-07-17
006390,한일현대시멘트,피인수상폐,피인수상폐,정상,0.0,,2025,87.0,-2.6,2025-11-20
006440,한일건설,부실상폐,소형·재무자료없음,재무없음,,,2013,1.5,-96.1,2013-04-15
006580,대양제지공업,자진상폐,자진상폐,정상,3.0,,2024,46.6,-42.1,2024-06-20
007150,동양텔레콤,부실상폐,소형·재무자료없음,재무없음,,,2012,0.1,-99.4,2012-09-10
007190,한솔아트원제지,자진상폐,자진상폐,정상,1.0,,2017,59.5,2.5,2017-03-14
007200,진흥저축은행,부실상폐,소형·재무자료없음,재무없음,,,2012,0.3,-99.2,2012-10-16
007480,대한은박지,자진상폐,자진상폐,재무없음,,,2013,53.1,6.4,2013-01-25
007490,태창기업,부실상폐,소형·재무자료없음,재무없음,,,2010,0.5,-98.8,2010-05-12
007630,폴루스바이오팜,부실상폐,적자지속,정상,3.0,,2022,3.7,-96.3,2022-02-21
007800,솔로몬저축은행,부실상폐,소형·재무자료없음,재무없음,,,2012,0.3,-99.1,2012-07-24
008000,도레이케미칼,피인수상폐,피인수상폐,정상,1.0,,2018,100.0,0.8,2018-03-19
008020,경남에너지,자진상폐,자진상폐,정상,0.0,,2016,39.2,1.0,2016-05-18
008080,에스와이코퍼레이션,부실상폐,소형·재무자료없음,재무없음,,,2013,6.7,449900.0,2013-09-24
008110,대동전자,피인수상폐,피인수상폐,정상,0.0,,2026,96.7,-3.3,2026-03-27
008320,한국기술산업,부실상폐,소형·재무자료없음,재무없음,,,2010,1.2,-98.7,2010-03-10
008340,대주코레스,부실상폐,소형·재무자료없음,재무없음,,,2010,1.6,-98.0,2010-04-12
008540,케이비물산,부실상폐,소형·재무자료없음,재무없음,,,2012,0.6,-94.7,2012-06-07
008560,메리츠증권,피인수상폐,피인수상폐,정상,0.0,,2023,86.9,-9.4,2023-04-24
008720,삼양엔텍,피인수상폐,피인수상폐,재무없음,,,2014,94.2,6.1,2014-12-29
008800,행남사,부실상폐,부분자본잠식,부분자본잠식,3.0,2017.0,2021,3.7,-96.3,2021-06-04
008900,티이씨앤코,피인수상폐,피인수상폐,정상,0.0,,2016,90.5,2.0,2016-05-16
009010,에듀언스,부실상폐,소형·재무자료없음,재무없음,,,2013,0.0,-98.2,2013-04-30
009280,다함이텍,피인수상폐,피인수상폐,재무없음,,,2013,93.3,3.4,2013-04-15
009380,아세아페이퍼텍,피인수상폐,피인수상폐,재무없음,,,2013,96.1,-0.6,2013-01-22
009720,한국전기초자,피인수상폐,피인수상폐,재무없음,,,2011,98.4,0.2,2011-02-15
010050,우리종합금융,자진상폐,자진상폐,정상,1.0,,2023,78.1,-2.1,2023-08-25
010420,한솔피엔에스,피인수상폐,피인수상폐,정상,1.0,,2025,99.4,0.5,2025-09-24
010460,화인자산관리,피인수상폐,피인수상폐,재무없음,,,2014,83.8,-12.4,2014-04-14
010520,현대하이스코,자진상폐,자진상폐,재무없음,,,2015,61.6,-5.1,2015-07-14
010600,웰바이오텍,부실상폐,부분자본잠식,부분자본잠식,3.0,2020.0,2026,2.0,-98.0,2026-01-23
010620,에이치디현대미포,피인수상폐,피인수상폐,정상,2.0,,2025,90.1,-7.7,2025-12-12
010670,나노트로닉스,부실상폐,소형·재무자료없음,재무없음,,,2014,0.4,-95.4,2014-04-10
011050,케드콤,부실상폐,소형·재무자료없음,재무없음,,,2010,0.5,-97.5,2010-07-21
011160,두산건설,자진상폐,자진상폐,정상,3.0,,2020,77.7,-8.8,2020-03-23
011400,아진카인텍,부실상폐,소형·재무자료없음,재무없음,,,2010,1.0,-97.6,2010-05-19
011720,현대페인트,부실상폐,부분자본잠식,부분자본잠식,1.0,2015.0,2016,5.4,-89.0,2016-11-18
011800,배명금속,부실상폐,소형·재무자료없음,재무없음,,,2012,2.2,-97.3,2012-08-31
012090,성원건설,부실상폐,소형·재무자료없음,재무없음,,,2010,2.2,-94.0,2010-04-30
012400,허메스홀딩스,부실상폐,소형·재무자료없음,재무없음,,,2012,0.7,-96.8,2012-06-11
012410,글로스텍,부실상폐,소형·재무자료없음,재무없음,,,2013,0.2,-99.0,2013-06-03
012420,메리츠종합금융,피인수상폐,피인수상폐,재무없음,,,2010,95.3,-2.4,2010-04-20
012580,신세계톰보이,부실상폐,소형·재무자료없음,재무없음,,,2010,2.0,-96.9,2010-07-29
012600,청호ICT,부실상폐,적자지속,정상,2.0,2015.0,2025,5.1,-94.9,2025-05-26
012650,쌍용건설,부실상폐,소형·재무자료없음,재무없음,,,2014,1.9,-98.1,2014-04-10
013240,셀런,부실상폐,소형·재무자료없음,재무없음,,,2011,1.1,-97.7,2011-04-14
013340,뉴아세아,부실상폐,소형·재무자료없음,재무없음,,,2014,4.2,-94.1,2014-09-01
013450,동성하이켐,피인수상폐,피인수상폐,재무없음,,,2015,87.6,-1.7,2015-07-17
013650,데코,자진상폐,자진상폐,재무없음,,,2010,64.6,10.4,2010-10-18
013780,아큐텍,부실상폐,소형·재무자료없음,재무없음,,,2013,0.4,-99.5,2013-04-22
014200,광림,자진상폐,자진상폐,정상,2.0,,2025,48.8,-51.2,2025-11-25
014300,선진지주,자진상폐,자진상폐,재무없음,,,2013,79.5,-5.1,2013-01-17
014350,신일건업,부실상폐,소형·재무자료없음,재무없음,,,2015,3.3,-96.7,2015-04-14
014590,지앤엘,부실상폐,소형·재무자료없음,재무없음,,,2011,5.7,-89.6,2011-05-12
015050,엘트온,자진상폐,자진상폐,재무없음,,,2010,27.9,-72.1,2010-03-08
015110,중앙건설,부실상폐,소형·재무자료없음,재무없음,,,2012,10.7,-75.9,2012-12-10
015170,중앙바이오텍,부실상폐,소형·재무자료없음,재무없음,,,2010,0.2,-99.6,2010-04-12
015200,성원,부실상폐,소형·재무자료없음,재무없음,,,2012,4.2,-93.8,2012-04-30
015350,부산도시가스,피인수상폐,피인수상폐,정상,0.0,,2022,99.8,0.1,2022-01-17
015390,엘앤씨피,부실상폐,소형·재무자료없음,재무없음,,,2012,0.3,-95.9,2012-04-12
015540,에코바이브,부실상폐,완전자본잠식,완전자본잠식,3.0,2015.0,2023,1.1,-98.9,2023-11-06
016140,두함지개발,피인수상폐,피인수상폐,재무없음,,,2012,90.5,1.3,2012-10-11
016160,오라바이오틱스,부실상폐,소형·재무자료없음,재무없음,,,2011,2.2,-89.0,2011-04-25
016170,카카오엠,피인수상폐,피인수상폐,정상,0.0,,2018,83.4,11.0,2018-09-17
016420,NH농협증권,피인수상폐,피인수상폐,재무없음,,,2015,83.5,-9.8,2015-01-19
016510,현대DSF,피인수상폐,피인수상폐,재무없음,,,2011,94.8,1.5,2011-07-15
016560,서울상호저축은행,부실상폐,소형·재무자료없음,재무없음,,,2012,0.5,-98.8,2012-10-16
016570,에스트라,자진상폐,자진상폐,재무없음,,,2013,72.9,-4.2,2013-03-14
017010,제너비오믹스,부실상폐,소형·재무자료없음,재무없음,,,2010,2.0,-98.0,2010-03-25
017050,스타맥스,부실상폐,소형·재무자료없음,재무없음,,,2010,1.0,-98.8,2010-04-02
017160,세븐코스프,부실상폐,소형·재무자료없음,재무없음,,,2011,1.2,-87.2,2011-04-28
017170,훈영,부실상폐,소형·재무자료없음,재무없음,,,2011,1.6,-42.9,2011-05-12
017300,에이치비이에너지,부실상폐,소형·재무자료없음,재무없음,,,2010,1.0,-98.2,2010-04-14
017680,데코앤에프,부실상폐,부분자본잠식,부분자본잠식,3.0,2017.0,2019,1.7,-95.9,2019-11-19
018410,현대금속,부실상폐,소형·재무자료없음,재무없음,,,2010,2.7,-94.8,2010-05-12
018890,브이오산업,부실상폐,소형·재무자료없음,재무없음,,,2010,12.2,-80.4,2010-07-21
019120,경윤하이드로에너지,부실상폐,소형·재무자료없음,재무없음,,,2011,1.7,-91.5,2011-04-05
019260,셀텍,부실상폐,소형·재무자료없음,재무없음,,,2012,1.5,-94.2,2012-09-04
019300,태림페이퍼,자진상폐,자진상폐,정상,1.0,,2016,28.1,-32.1,2016-08-10
019430,위더스기술금융,부실상폐,소형·재무자료없음,재무없음,,,2011,3.9,-88.9,2011-04-28
019440,세아특수강,피인수상폐,피인수상폐,정상,1.0,,2026,100.0,15.1,2026-02-11
019590,에스유앤피,부실상폐,부분자본잠식,부분자본잠식,2.0,2023.0,2025,13.9,-86.1,2025-09-05
020070,에버리소스,부실상폐,소형·재무자료없음,재무없음,,,2010,7.7,-85.7,2010-04-30
021060,한림창업투자,부실상폐,소형·재무자료없음,재무없음,,,2012,4.4,-92.1,2012-06-26
021960,케이비캐피탈,피인수상폐,피인수상폐,재무없음,,,2017,100.0,4.1,2017-07-20
022520,코오롱아이넷,자진상폐,자진상폐,재무없음,,,2012,53.0,-2.8,2012-01-10
023020,동양매직,자진상폐,자진상폐,재무없음,,,2011,71.6,14.1,2011-09-09
023430,아이이,부실상폐,적자지속,정상,2.0,,2017,1.5,-96.7,2017-12-19
023460,씨앤에이치,부실상폐,완전자본잠식,완전자본잠식,3.0,2023.0,2025,0.4,-91.7,2025-07-11
023670,알이네트웍스,부실상폐,소형·재무자료없음,재무없음,,,2010,3.1,-94.6,2010-06-16
023890,한국아트라스비엑스,피인수상폐,피인수상폐,정상,0.0,,2021,82.7,10.1,2021-04-16
024100,제일저축은행,부실상폐,소형·재무자료없음,재무없음,,,2011,0.6,-98.6,2011-10-13
024660,하림홀딩스,피인수상폐,피인수상폐,정상,0.0,,2018,80.9,-6.5,2018-07-13
024810,이화전기공업,자진상폐,자진상폐,정상,3.0,,2025,44.5,-55.5,2025-09-09
024870,유성티에스아이,부실상폐,소형·재무자료없음,재무없음,,,2010,3.8,-92.6,2010-04-30
025270,부산방직공업,자진상폐,자진상폐,정상,1.0,,2016,70.8,10.6,2016-08-17
025340,그린기술투자,부실상폐,소형·재무자료없음,재무없음,,,2011,9.3,-90.0,2011-12-27
025610,한국저축은행,부실상폐,소형·재무자료없음,재무없음,,,2012,0.1,-99.6,2012-07-24
025850,한화화인케미칼,자진상폐,자진상폐,재무없음,,,2016,39.5,-3.9,2016-03-14
025920,우경,부실상폐,소형·재무자료없음,재무없음,,,2013,1.8,-95.8,2013-07-09
025970,알덱스,자진상폐,자진상폐,재무없음,,,2011,27.0,-9.8,2011-12-19
026180,현대정보기술,자진상폐,자진상폐,부분자본잠식,1.0,2017.0,2019,73.2,-4.6,2019-07-16
026220,에스티씨라이프,부실상폐,소형·재무자료없음,재무없음,,,2011,1.0,-98.0,2011-11-28
026250,삼우이엠씨,부실상폐,소형·재무자료없음,재무없음,,,2013,0.6,-97.7,2013-04-11
026260,위너지스,부실상폐,부분자본잠식,부분자본잠식,3.0,2016.0,2018,0.9,-98.3,2018-10-10
026540,제일창업투자,부실상폐,소형·재무자료없음,재무없음,,,2011,10.0,-45.2,2011-10-13
026870,코원에너지서비스,피인수상폐,피인수상폐,재무없음,,,2012,100.0,0.0,2012-11-14
027390,한화갤러리아타임월드,자진상폐,자진상폐,정상,2.0,,2020,55.1,0.0,2020-04-14
027840,한국고덴시,피인수상폐,피인수상폐,재무없음,,,2010,100.0,28.4,2010-07-13
028040,미래SCI,부실상폐,부분자본잠식,부분자본잠식,3.0,2019.0,2021,2.2,-97.8,2021-04-12
028090,네오퍼플,부실상폐,소형·재무자료없음,재무없음,,,2013,1.5,-88.2,2013-05-02
028150,지에스홈쇼핑,피인수상폐,피인수상폐,정상,0.0,,2021,97.7,-0.6,2021-07-15
029960,코엔텍,피인수상폐,피인수상폐,정상,0.0,,2025,98.7,0.3,2025-06-13
030030,중앙디자인,부실상폐,소형·재무자료없음,재무없음,,,2011,0.5,-96.4,2011-04-12
030270,에스마크,부실상폐,부분자본잠식,부분자본잠식,3.0,2017.0,2020,4.3,-95.7,2020-05-20
030390,쏠라엔텍,부실상폐,소형·재무자료없음,재무없음,,,2010,4.7,-89.1,2010-05-07
030420,디패션,부실상폐,소형·재무자료없음,재무없음,,,2011,2.3,-88.4,2011-05-06
030790,비케이탑스,부실상폐,부분자본잠식,부분자본잠식,3.0,2019.0,2024,0.9,-99.1,2024-05-10
031390,녹십자셀,자진상폐,자진상폐,정상,0.0,,2021,63.9,1.0,2021-11-16
031920,조은저축은행,부실상폐,소형·재무자료없음,재무없음,,,2013,4.6,-73.9,2013-02-26
031950,에듀패스,부실상폐,소형·재무자료없음,재무없음,,,2011,3.7,-90.9,2011-06-08
031960,동산진흥,부실상폐,소형·재무자료없음,재무없음,,,2010,6.8,-93.2,2010-02-19
031990,대선조선,부실상폐,소형·재무자료없음,재무없음,,,2011,14.3,-69.1,2011-04-12
032030,일공공일안경콘택트,부실상폐,소형·재무자료없음,재무없음,,,2010,1.0,-98.6,2010-04-12
032040,씨앤에스자산관리,부실상폐,부분자본잠식,부분자본잠식,2.0,2017.0,2018,10.8,-89.2,2018-10-10
032290,케이디지엠텍,부실상폐,소형·재무자료없음,재무없음,,,2011,1.0,-97.2,2011-04-22
032380,핸디소프트,부실상폐,소형·재무자료없음,재무없음,,,2011,3.2,-93.6,2011-03-02
032420,터보테크,부실상폐,소형·재무자료없음,재무없음,,,2015,0.8,-93.4,2015-01-26
032930,에이스앤파트너스,자진상폐,자진상폐,재무없음,,,2012,46.0,-1.4,2012-01-17
033030,지오엠씨,부실상폐,소형·재무자료없음,재무없음,,,2010,3.7,-96.3,2010-09-24
033110,코너스톤네트웍스,부실상폐,부분자본잠식,부분자본잠식,3.0,2017.0,2021,1.5,-98.5,2021-10-07
033180,케이에이치필룩스,부실상폐,적자지속,정상,3.0,,2026,6.0,-94.0,2026-01-14
033190,폴켐,부실상폐,소형·재무자료없음,재무없음,,,2010,1.1,-96.6,2010-04-22
033260,쌈지,부실상폐,소형·재무자료없음,재무없음,,,2010,2.1,-96.0,2010-04-16
033280,어울림엘시스,부실상폐,소형·재무자료없음,재무없음,,,2012,0.9,-99.1,2012-09-10
033430,디에스티,자진상폐,자진상폐,부분자본잠식,2.0,2017.0,2021,32.4,-67.6,2021-09-01
033550,일레덱스홀딩스,부실상폐,소형·재무자료없음,재무없음,,,2013,3.7,-93.1,2013-05-06
033600,럭슬,부실상폐,적자지속,정상,3.0,,2021,11.7,-88.3,2021-08-10
033630,에스케이브로드밴드,자진상폐,자진상폐,정상,0.0,,2015,74.9,-5.2,2015-06-30
033660,우리금융캐피탈,피인수상폐,피인수상폐,재무없음,,,2021,85.2,-2.5,2021-08-26
033850,지노시스템,부실상폐,소형·재무자료없음,재무없음,,,2011,1.8,-93.1,2011-05-06
034010,트라이써클,부실상폐,소형·재무자료없음,재무없음,,,2013,0.6,-96.2,2013-02-20
034300,신세계건설,피인수상폐,피인수상폐,정상,2.0,,2025,99.7,0.3,2025-02-21
034510,무한투자,부실상폐,소형·재무자료없음,재무없음,,,2012,3.9,-91.2,2012-09-24
034600,글로웍스,부실상폐,소형·재무자료없음,재무없음,,,2011,2.0,-43.9,2011-06-28
034660,제넥셀세인,부실상폐,소형·재무자료없음,재무없음,,,2010,0.8,-97.7,2010-04-14
035210,티브로드도봉강북방송,피인수상폐,피인수상폐,재무없음,,,2012,100.0,0.0,2012-10-31
035400,쓰리디넷,부실상폐,소형·재무자료없음,재무없음,,,2010,2.4,-78.6,2010-09-30
035450,지아이바이오,부실상폐,소형·재무자료없음,재무없음,,,2013,2.5,-91.9,2013-08-06
035480,글로앤웰,부실상폐,적자지속,정상,3.0,,2019,3.4,-96.6,2019-12-11
035710,씨엘엘씨디,부실상폐,소형·재무자료없음,재무없음,,,2010,1.6,-97.1,2010-04-30
035830,메카포럼,부실상폐,소형·재무자료없음,재무없음,,,2010,1.9,-95.8,2010-07-15
036180,지더블유바이텍,부실상폐,부분자본잠식,부분자본잠식,3.0,2019.0,2026,0.3,-99.7,2026-03-16
036210,태산엘시디,부실상폐,소형·재무자료없음,재무없음,,,2014,0.1,-99.6,2014-04-10
036260,이매진아시아,부실상폐,완전자본잠식,완전자본잠식,3.0,2019.0,2021,0.7,-99.3,2021-02-10
036490,에스케이머티리얼즈,피인수상폐,피인수상폐,정상,0.0,,2021,91.0,4.2,2021-12-24
036500,에스에스컴텍,부실상폐,적자지속,정상,2.0,,2017,0.9,-94.9,2017-05-10
036550,에이스디지텍,자진상폐,자진상폐,재무없음,,,2011,69.6,-7.1,2011-08-19
036840,휴코드홀딩스,부실상폐,소형·재무자료없음,재무없음,,,2011,3.5,-91.4,2011-09-14
036850,나리지*온,피인수상폐,피인수상폐,재무없음,,,2010,100.0,28.9,2010-07-13
036920,지앤에스티,부실상폐,소형·재무자료없음,재무없음,,,2013,1.8,-93.0,2013-05-06
037020,한와이어리스,부실상폐,소형·재무자료없음,재무없음,,,2011,0.1,-99.6,2011-04-22
037110,제이에스,부실상폐,소형·재무자료없음,재무없음,,,2010,1.9,-97.7,2010-04-30
037150,씨제이인터넷,피인수상폐,피인수상폐,재무없음,,,2011,100.0,9.2,2011-03-21
037240,평안물산,부실상폐,소형·재무자료없음,재무없음,,,2012,7.4,-81.1,2012-05-31
037320,시노펙스그린테크,피인수상폐,피인수상폐,재무없음,,,2012,61.7,27.0,2012-03-16
037340,에이치씨코퍼레이션,부실상폐,부분자본잠식,부분자본잠식,1.0,2015.0,2016,0.5,-96.3,2016-09-07
037380,에이원마이크로,부실상폐,소형·재무자료없음,재무없음,,,2012,0.1,-99.3,2012-01-31
037540,네스테크,부실상폐,소형·재무자료없음,재무없음,,,2011,4.7,-84.7,2011-11-25
037550,클라스타,부실상폐,소형·재무자료없음,재무없음,,,2011,0.2,-98.9,2011-10-25
037620,미래에셋증권,자진상폐,자진상폐,재무없음,,,2017,75.8,3.0,2017-01-19
037630,에스비엠,자진상폐,자진상폐,재무없음,,,2013,28.9,-8.8,2013-07-23
037700,토자이홀딩스,부실상폐,소형·재무자료없음,재무없음,,,2011,3.9,-89.5,2011-10-11
037830,글로포스트,부실상폐,소형·재무자료없음,재무없음,,,2010,2.7,0.0,2010-02-08
038120,에이디모터스,부실상폐,소형·재무자료없음,재무없음,,,2013,2.2,-87.0,2013-01-29
038160,팍스넷,부실상폐,완전자본잠식,완전자본잠식,3.0,2020.0,2021,7.0,-92.7,2021-08-20
038320,어울림정보기술,부실상폐,소형·재무자료없음,재무없음,,,2012,3.5,-96.5,2012-09-07
038340,무궁화인포메이션테크놀로지,부실상폐,부분자본잠식,부분자본잠식,3.0,2017.0,2025,5.7,-94.3,2025-03-27
038690,에이스일렉트로닉스,부실상폐,소형·재무자료없음,재무없음,,,2010,5.5,-91.5,2010-04-16
038710,콜마파마,부실상폐,소형·재무자료없음,재무없음,,,2011,0.7,-94.3,2011-05-06
038720,유일엔시스,부실상폐,소형·재무자료없음,재무없음,,,2013,0.8,-97.4,2013-04-30
038990,넥스콘테크놀러지,피인수상폐,피인수상폐,재무없음,,,2012,100.0,1.5,2012-10-31
039040,유니텍전자,부실상폐,소형·재무자료없음,재무없음,,,2011,0.3,-95.0,2011-04-28
039230,제이앤케이인더스트리,부실상폐,부분자본잠식,부분자본잠식,3.0,2017.0,2021,7.6,-92.4,2021-10-05
039350,헤파호프코리아,부실상폐,소형·재무자료없음,재무없음,,,2011,1.3,-96.9,2011-06-15
039530,씨앤케이인터내셔널,부실상폐,소형·재무자료없음,재무없음,,,2015,11.4,-82.0,2015-05-18
039670,스포츠서울,부실상폐,완전자본잠식,완전자본잠식,2.0,2019.0,2022,1.4,-98.6,2022-04-19
039790,위노바,부실상폐,부분자본잠식,부분자본잠식,2.0,2016.0,2018,3.3,-95.9,2018-03-08
039850,태창파로스,부실상폐,소형·재무자료없음,재무없음,,,2015,2.5,-96.2,2015-05-18
040180,대양글로벌,부실상폐,소형·재무자료없음,재무없음,,,2011,2.3,-82.5,2011-10-24
040670,와이즈파워,부실상폐,소형·재무자료없음,재무없음,,,2015,1.1,-98.2,2015-07-15
040740,아인스엠앤엠,부실상폐,소형·재무자료없음,재무없음,,,2012,0.8,-96.6,2012-04-30
041030,이루넷,부실상폐,소형·재무자료없음,재무없음,,,2010,5.8,-81.0,2010-05-04
041060,아라온테크,부실상폐,소형·재무자료없음,재무없음,,,2014,6.5,-90.6,2014-05-07
041140,넥슨지티,피인수상폐,피인수상폐,정상,0.0,,2022,92.9,38.0,2022-04-14
041320,보홍,부실상폐,소형·재무자료없음,재무없음,,,2010,0.3,-97.8,2010-05-07
041450,인네트,부실상폐,소형·재무자료없음,재무없음,,,2010,0.6,-98.1,2010-09-13
041550,쎄라텍,부실상폐,소형·재무자료없음,재무없음,,,2010,4.0,-80.6,2010-08-24
041630,인젠,부실상폐,소형·재무자료없음,재무없음,,,2010,4.2,-81.8,2010-05-07
041800,코디콤,부실상폐,소형·재무자료없음,재무없음,,,2010,2.9,-97.1,2010-03-08
042340,대국,부실상폐,소형·재무자료없음,재무없음,,,2012,0.8,-97.9,2012-04-12
042670,에이치디현대인프라코어,자진상폐,자진상폐,정상,0.0,,2026,79.4,-8.5,2026-01-23
042820,어울림네트웍스,부실상폐,소형·재무자료없음,재무없음,,,2012,1.1,-98.9,2012-11-16
042870,에코페트로시스템,부실상폐,소형·재무자료없음,재무없음,,,2011,0.3,-95.8,2011-10-05
043290,케이맥,피인수상폐,피인수상폐,정상,2.0,,2021,81.9,-3.1,2021-07-19
043580,에임하이글로벌,부실상폐,적자지속,정상,3.0,,2018,1.7,-97.6,2018-08-09
043630,지앤알,부실상폐,소형·재무자료없음,재무없음,,,2011,0.4,-97.9,2011-04-28
043680,스톰이앤에프,부실상폐,소형·재무자료없음,재무없음,,,2011,0.1,-98.5,2011-04-12
043890,티브로드한빛방송,피인수상폐,피인수상폐,재무없음,,,2012,98.9,0.0,2012-10-31
044060,조광아이엘아이,부실상폐,부분자본잠식,부분자본잠식,3.0,2024.0,2025,5.9,-94.1,2025-08-20
044640,동부씨엔아이,피인수상폐,피인수상폐,재무없음,,,2010,93.7,5.2,2010-11-19
045050,글라소울,부실상폐,소형·재무자료없음,재무없음,,,2012,1.3,-88.5,2012-11-26
045260,디에이치패션,부실상폐,소형·재무자료없음,재무없음,,,2012,1.2,-88.9,2012-07-31
045290,포네이처,부실상폐,소형·재무자료없음,재무없음,,,2010,0.6,-99.1,2010-04-22
045400,이롬텍,부실상폐,소형·재무자료없음,재무없음,,,2010,2.0,0.0,2010-02-10
045470,에이프로테크놀로지,부실상폐,소형·재무자료없음,재무없음,,,2012,0.3,-97.2,2012-04-23
045710,온미디어,피인수상폐,피인수상폐,재무없음,,,2011,100.0,6.5,2011-03-21
045880,유티엑스,부실상폐,소형·재무자료없음,재무없음,,,2010,0.9,-99.1,2010-04-09
045890,금빛,부실상폐,적자지속,정상,3.0,,2021,0.7,-98.3,2021-12-17
046110,한일네트웍스,피인수상폐,피인수상폐,정상,0.0,,2022,94.9,-2.4,2022-10-04
046140,스튜디오에스,자진상폐,자진상폐,정상,0.0,,2023,61.6,4.5,2023-12-15
046240,에스브이에이치,부실상폐,소형·재무자료없음,재무없음,,,2011,0.1,-94.6,2011-02-11
046350,에듀아크,부실상폐,소형·재무자료없음,재무없음,,,2010,1.4,-98.6,2010-04-12
046400,휴스토리,부실상폐,소형·재무자료없음,재무없음,,,2014,2.0,-97.9,2014-09-01
046430,알에스넷,부실상폐,소형·재무자료없음,재무없음,,,2012,0.6,-98.6,2012-12-04
046720,엔하이테크,부실상폐,소형·재무자료없음,재무없음,,,2012,1.0,-91.5,2012-01-31
046840,자유투어,부실상폐,소형·재무자료없음,재무없음,,,2013,3.6,-92.5,2013-04-30
047440,디케이씨,부실상폐,적자지속,정상,3.0,,2018,1.7,-98.1,2018-10-10
047450,이앤텍,부실상폐,소형·재무자료없음,재무없음,,,2010,0.0,-97.5,2010-11-29
047600,세계투어,부실상폐,소형·재무자료없음,재무없음,,,2011,18.9,6.5,2011-09-08
047710,액티투오,부실상폐,소형·재무자료없음,재무없음,,,2010,2.2,-62.2,2010-07-20
047730,텔라움,부실상폐,소형·재무자료없음,재무없음,,,2012,3.6,-94.2,2012-11-16
048130,에스피코프,부실상폐,소형·재무자료없음,재무없음,,,2010,2.1,-97.8,2010-04-19
048140,태광이엔시,부실상폐,소형·재무자료없음,재무없음,,,2010,1.7,-85.2,2010-11-24
048260,오스템임플란트,피인수상폐,피인수상폐,정상,0.0,,2023,100.0,1.1,2023-08-11
048460,엑큐리스,자진상폐,자진상폐,재무없음,,,2012,67.4,-4.6,2012-11-15
048510,테스텍,부실상폐,소형·재무자료없음,재무없음,,,2010,0.1,-98.8,2010-11-09
048640,엠엔에프씨,부실상폐,소형·재무자료없음,재무없음,,,2011,0.5,-94.9,2011-04-12
049000,예당컴퍼니,부실상폐,소형·재무자료없음,재무없음,,,2013,0.5,-98.0,2013-09-09
049690,포휴먼,부실상폐,소형·재무자료없음,재무없음,,,2011,0.1,-99.7,2011-04-22
049770,동원F&B,피인수상폐,피인수상폐,정상,0.0,,2025,96.1,10.4,2025-07-30
050050,유아이에너지,부실상폐,소형·재무자료없음,재무없음,,,2012,5.6,-93.6,2012-09-25
050320,에스에이치엔엘,부실상폐,급성붕괴(정상재무→급락:횡령·감사의견 추정),정상,1.0,2016.0,2022,5.7,-94.3,2022-05-30
050470,씨티앤티,부실상폐,소형·재무자료없음,재무없음,,,2012,2.9,-88.9,2012-04-30
050540,엠피씨플러스,부실상폐,적자지속,정상,2.0,2020.0,2023,14.7,-56.3,2023-05-04
050640,이룸지엔지,부실상폐,소형·재무자료없음,재무없음,,,2011,0.4,-96.4,2011-08-19
051170,썬코어,부실상폐,부분자본잠식,부분자본잠식,2.0,2016.0,2018,1.1,-98.0,2018-03-14
051310,플랜텍,부실상폐,완전자본잠식,완전자본잠식,1.0,,2016,2.2,-90.7,2016-04-14
051710,디에스,부실상폐,소형·재무자료없음,재무없음,,,2013,1.5,-96.5,2013-04-30
051810,모보,부실상폐,소형·재무자료없음,재무없음,,,2010,10.0,-88.8,2010-04-12
051820,아이피에스,피인수상폐,피인수상폐,재무없음,,,2011,87.0,1.0,2011-01-13
052190,세영디앤씨,부실상폐,부분자본잠식,부분자본잠식,3.0,2021.0,2022,3.2,-96.8,2022-05-26
052210,엠씨티티코어,부실상폐,소형·재무자료없음,재무없음,,,2010,1.0,-98.0,2010-12-03
052270,우전,부실상폐,급성붕괴(정상재무→급락:횡령·감사의견 추정),정상,1.0,,2017,2.6,-94.2,2017-04-12
052290,트레이스,부실상폐,부분자본잠식,부분자본잠식,3.0,2017.0,2018,0.6,-99.0,2018-10-10
052350,코아에스앤아이,부실상폐,소형·재무자료없음,재무없음,,,2012,0.5,-97.3,2012-04-16
052510,에코솔루션,부실상폐,소형·재무자료없음,재무없음,,,2011,1.3,-94.4,2011-06-15
052650,이디디컴퍼니,부실상폐,소형·재무자료없음,재무없음,,,2013,0.8,-90.6,2013-04-11
052670,제일바이오,피인수상폐,피인수상폐,정상,3.0,,2026,51.2,15284.6,2026-02-20
052810,아시아미디어홀딩스,부실상폐,소형·재무자료없음,재무없음,,,2011,1.7,-94.2,2011-11-21
052880,모아에스앤에스,부실상폐,소형·재무자료없음,재무없음,,,2011,5.6,-78.3,2011-09-22
052970,올리브나인,부실상폐,소형·재무자료없음,재무없음,,,2010,0.9,-98.9,2010-10-19
053000,우리금융지주,피인수상폐,피인수상폐,재무없음,,,2014,81.8,-5.2,2014-11-18
053040,블루젬디앤씨,부실상폐,소형·재무자료없음,재무없음,,,2012,2.6,-94.5,2012-05-16
053110,소리바다,부실상폐,완전자본잠식,완전자본잠식,3.0,2018.0,2022,1.4,-98.6,2022-09-06
053320,제네시스디벨롭먼트홀딩스,부실상폐,소형·재무자료없음,재무없음,,,2014,0.9,-97.5,2014-02-06
053330,영진코퍼레이션,부실상폐,소형·재무자료없음,재무없음,,,2015,0.6,-97.8,2015-04-22
053440,성우몰드,피인수상폐,피인수상폐,재무없음,,,2010,82.2,-3.7,2010-04-20
053470,오페스,부실상폐,소형·재무자료없음,재무없음,,,2010,0.6,-97.2,2010-05-07
053590,한국테크놀로지,부실상폐,완전자본잠식,완전자본잠식,3.0,2018.0,2024,0.6,-99.4,2024-10-04
053660,현진소재,부실상폐,완전자본잠식,완전자본잠식,3.0,2017.0,2022,1.8,-98.2,2022-04-25
053740,국제엘렉트릭코리아,피인수상폐,피인수상폐,정상,0.0,,2015,95.6,-0.2,2015-02-09
053810,아이팩토리,부실상폐,급성붕괴(정상재무→급락:횡령·감사의견 추정),정상,1.0,,2016,5.1,-85.0,2016-09-13
053870,지티앤티,부실상폐,소형·재무자료없음,재무없음,,,2015,3.2,-95.9,2015-10-14
054010,선팩테크,부실상폐,소형·재무자료없음,재무없음,,,2011,0.1,-99.6,2011-10-05
054020,지케이파워,부실상폐,소형·재무자료없음,재무없음,,,2010,0.3,-99.7,2010-04-02
054120,더체인지,자진상폐,자진상폐,재무없음,,,2011,45.4,-3.5,2011-12-14
054150,뉴젠아이씨티,부실상폐,소형·재무자료없음,재무없음,,,2011,0.3,-96.0,2011-04-28
054170,엔빅스,부실상폐,소형·재무자료없음,재무없음,,,2011,0.3,-97.7,2011-04-28
054340,피앤텔,부실상폐,부분자본잠식,부분자본잠식,2.0,2018.0,2020,1.8,-98.2,2020-05-20
054630,에이디칩스,부실상폐,부분자본잠식,부분자본잠식,3.0,2021.0,2025,0.9,-99.1,2025-12-29
055250,다휘,부실상폐,소형·재무자료없음,재무없음,,,2010,0.1,-99.0,2010-09-30
056000,코원플레이,부실상폐,적자지속,정상,2.0,,2023,0.9,-99.1,2023-03-29
056010,아이스테이션,부실상폐,소형·재무자료없음,재무없음,,,2012,0.5,-98.3,2012-04-12
056200,엠넷미디어,피인수상폐,피인수상폐,재무없음,,,2011,100.0,4.5,2011-03-21
056340,씨유전자,부실상폐,소형·재무자료없음,재무없음,,,2014,2.9,-90.1,2014-05-20
056710,미리넷,부실상폐,소형·재무자료없음,재무없음,,,2012,0.5,-96.4,2012-04-12
056810,위다스,부실상폐,소형·재무자료없음,재무없음,,,2013,5.7,-94.3,2013-09-09
056850,코어비트,부실상폐,소형·재무자료없음,재무없음,,,2010,3.4,-96.6,2010-03-08
057100,하이스마텍,부실상폐,소형·재무자료없음,재무없음,,,2010,4.5,-95.5,2010-05-07
057500,에스케이엔펄스,피인수상폐,피인수상폐,정상,0.0,2015.0,2020,81.1,5.9,2020-12-22
057880,푸른소나무,부실상폐,완전자본잠식,완전자본잠식,3.0,2021.0,2026,0.1,-99.9,2026-01-21
058220,아리온테크놀로지,피인수상폐,피인수상폐,완전자본잠식,3.0,2020.0,2024,100.0,0.0,2024-05-02
058370,비엔씨컴퍼니,부실상폐,급성붕괴(정상재무→급락:횡령·감사의견 추정),정상,1.0,,2017,2.7,-92.4,2017-05-04
058420,제이웨이,부실상폐,완전자본잠식,완전자본잠식,3.0,2022.0,2023,1.7,-98.3,2023-04-13
058480,해원에스티,부실상폐,소형·재무자료없음,재무없음,,,2010,11.2,-81.2,2010-05-07
058530,헬스커넥트,피인수상폐,피인수상폐,정상,3.0,2020.0,2024,100.0,0.0,2024-06-24
058690,퓨쳐인포넷,부실상폐,소형·재무자료없음,재무없음,,,2010,2.9,-78.6,2010-08-25
058900,투미비티,부실상폐,소형·재무자료없음,재무없음,,,2010,5.3,-78.3,2010-10-11
060300,레드로버,부실상폐,부분자본잠식,부분자본잠식,2.0,2019.0,2022,1.6,-98.4,2022-11-03
060670,유퍼트,부실상폐,소형·재무자료없음,재무없음,,,2010,0.2,-99.6,2010-04-12
060750,제이콤,부실상폐,소형·재무자료없음,재무없음,,,2011,0.2,-99.1,2011-04-15
060910,프리젠,부실상폐,적자지속,정상,2.0,,2017,8.8,-51.0,2017-02-23
061050,지앤디윈텍,부실상폐,소형·재무자료없음,재무없음,,,2012,0.2,-98.0,2012-01-19
061140,엘앤피아너스,부실상폐,소형·재무자료없음,재무없음,,,2011,0.2,-99.4,2011-12-27
061460,한진피앤씨,자진상폐,자진상폐,정상,0.0,,2017,71.0,3.5,2017-09-28
062580,인산가,피인수상폐,피인수상폐,재무없음,,,2018,80.7,0.0,2018-09-10
062860,티엘아이,자진상폐,자진상폐,정상,3.0,,2024,42.2,-57.8,2024-11-13
063840,닉스테크,피인수상폐,피인수상폐,재무없음,,,2016,91.7,14.1,2016-04-11
064060,사이노젠,부실상폐,소형·재무자료없음,재무없음,,,2010,0.8,-98.9,2010-04-12
064420,케이피케미칼,피인수상폐,피인수상폐,재무없음,,,2013,63.7,16.9,2013-01-14
064510,유네코,부실상폐,급성붕괴(정상재무→급락:횡령·감사의견 추정),정상,1.0,2020.0,2023,13.8,-86.2,2023-01-16
065160,라임,부실상폐,부분자본잠식,부분자본잠식,3.0,2018.0,2019,7.1,190.8,2019-05-02
065180,해피드림,자진상폐,자진상폐,재무없음,,,2015,25.8,-69.6,2015-04-30
065270,플렉스컴,부실상폐,완전자본잠식,완전자본잠식,1.0,,2016,1.1,-96.4,2016-04-11
065310,더스텔라,부실상폐,소형·재무자료없음,재무없음,,,2012,3.4,-94.3,2012-05-30
065340,쓰리디월드,부실상폐,소형·재무자료없음,재무없음,,,2010,0.4,-99.0,2010-04-14
065410,지엔텍홀딩스,부실상폐,소형·재무자료없음,재무없음,,,2010,1.2,-94.1,2010-05-04
065560,녹원씨엔아이,부실상폐,적자지속,정상,3.0,,2024,3.5,-96.5,2024-07-26
065610,폴리플러스,부실상폐,소형·재무자료없음,재무없음,,,2012,1.6,-93.3,2012-04-30
065620,제낙스,부실상폐,부분자본잠식,부분자본잠식,2.0,2017.0,2021,1.8,-98.2,2021-08-06
065940,바이오빌,부실상폐,완전자본잠식,완전자본잠식,3.0,2020.0,2020,1.4,-98.6,2020-07-30
066060,휴먼텍코리아,부실상폐,소형·재무자료없음,재무없음,,,2013,0.9,-97.0,2013-04-11
066110,한프,부실상폐,부분자본잠식,부분자본잠식,2.0,2020.0,2022,6.1,-93.9,2022-04-05
066270,네이트커뮤니케이션즈,자진상폐,자진상폐,정상,1.0,,2017,57.2,0.0,2017-02-24
066300,샤인시스템,부실상폐,소형·재무자료없음,재무없음,,,2010,2.1,-92.6,2010-06-28
066340,케이에스리소스,부실상폐,소형·재무자료없음,재무없음,,,2011,4.5,-93.7,2011-09-08
066350,티엔아이,부실상폐,완전자본잠식,완전자본잠식,1.0,,2015,1.7,-94.6,2015-05-19
066690,보광티에스,부실상폐,소형·재무자료없음,재무없음,,,2012,0.5,-98.5,2012-04-30
066930,한국애보트진단,피인수상폐,피인수상폐,재무없음,,,2010,95.0,1.1,2010-06-28
067130,클루넷,부실상폐,소형·재무자료없음,재무없음,,,2012,9.3,-56.9,2012-06-07
067250,케이조선,부실상폐,소형·재무자료없음,재무없음,,,2014,1.9,-92.6,2014-04-14
067850,바이나믹,부실상폐,소형·재무자료없음,재무없음,,,2010,0.7,-98.5,2010-05-18
067950,티이씨,부실상폐,소형·재무자료없음,재무없음,,,2010,4.0,-96.0,2010-02-19
068060,케이씨더블류,자진상폐,자진상폐,정상,0.0,,2015,76.6,-21.2,2015-09-17
068150,케이엔씨글로벌,부실상폐,부분자본잠식,부분자본잠식,1.0,2015.0,2017,1.4,-97.7,2017-03-06
068400,에스케이렌터카,자진상폐,자진상폐,정상,0.0,,2024,71.4,-4.5,2024-01-30
068420,엔터미디어,부실상폐,소형·재무자료없음,재무없음,,,2013,4.0,-71.2,2013-04-05
068630,에피밸리,부실상폐,소형·재무자료없음,재무없음,,,2012,18.1,-63.2,2012-04-23
068770,선우중공업,피인수상폐,피인수상폐,재무없음,,,2010,40.0,100.0,2010-06-16
068870,LG생명과학,피인수상폐,피인수상폐,정상,0.0,,2017,85.6,15.0,2017-01-16
069110,유한코스메틱,부실상폐,완전자본잠식,완전자본잠식,3.0,2022.0,2023,6.7,-93.3,2023-10-19
069470,제로원인터랙티브,부실상폐,소형·재무자료없음,재무없음,,,2010,2.2,-97.3,2010-04-30
070080,삼보오토,부실상폐,소형·재무자료없음,재무없음,,,2010,1.1,-90.8,2010-11-05
070480,신비앤텍,부실상폐,소형·재무자료없음,재무없음,,,2014,11.2,-62.8,2014-07-16
071460,위니아,부실상폐,완전자본잠식,완전자본잠식,3.0,2023.0,2025,1.6,-98.4,2025-06-17
071530,유에이블,부실상폐,소형·재무자료없음,재무없음,,,2013,0.2,-99.4,2013-04-22
071660,에스에스씨피,부실상폐,소형·재무자료없음,재무없음,,,2012,1.3,-97.0,2012-09-28
071930,에이스하이텍,부실상폐,소형·재무자료없음,재무없음,,,2015,0.5,-98.0,2015-07-09
072520,제넨바이오,부실상폐,적자지속,정상,3.0,,2025,1.5,-98.5,2025-06-17
072530,나이스메탈,부실상폐,소형·재무자료없음,재무없음,,,2011,7.4,-89.7,2011-05-06
073070,에이팸,부실상폐,적자지속,정상,3.0,,2021,4.5,-93.4,2021-06-03
073130,인스프리트,부실상폐,소형·재무자료없음,재무없음,,,2012,0.4,-99.4,2012-10-11
073930,제너시스템즈,부실상폐,소형·재무자료없음,재무없음,,,2013,1.7,-91.2,2013-07-11
074000,에스지피엠,부실상폐,소형·재무자료없음,재무없음,,,2014,15.4,-84.6,2014-03-26
074130,디아이디,부실상폐,소형·재무자료없음,재무없음,,,2015,0.7,-98.6,2015-07-22
074140,엑스로드,부실상폐,소형·재무자료없음,재무없음,,,2010,0.9,-93.3,2010-05-07
074150,엠제이비,부실상폐,급성붕괴(정상재무→급락:횡령·감사의견 추정),정상,1.0,,2016,0.8,-98.1,2016-09-02
076090,테이크시스템즈,부실상폐,소형·재무자료없음,재무없음,,,2010,0.8,-98.2,2010-04-22
077280,한컴지엠디,피인수상폐,피인수상폐,정상,1.0,,2020,84.8,4.5,2020-01-15
078420,동북아1호선박투자회사,피인수상폐,피인수상폐,재무없음,,,2010,99.2,-0.2,2010-11-26
078650,지나인제약,부실상폐,완전자본잠식,완전자본잠식,3.0,2020.0,2023,1.6,-98.4,2023-07-20
078670,아구스,부실상폐,소형·재무자료없음,재무없음,,,2010,1.5,-98.5,2010-04-30
078700,신지소프트,부실상폐,소형·재무자료없음,재무없음,,,2010,3.0,-96.1,2010-02-26
078780,아이디에스,부실상폐,소형·재무자료없음,재무없음,,,2016,0.9,-98.9,2016-04-27
078940,퀀타피아,부실상폐,부분자본잠식,부분자본잠식,3.0,2017.0,2025,2.6,-97.4,2025-02-18
079440,오렌지라이프생명보험,자진상폐,자진상폐,재무없음,,,2020,71.4,-4.0,2020-02-13
079560,시노펙스멤브레인,부실상폐,소형·재무자료없음,재무없음,,,2010,8.1,-89.4,2010-04-12
079660,사조해표,자진상폐,자진상폐,정상,0.0,,2019,48.3,-25.8,2019-06-25
080000,에스엔유프리시젼,자진상폐,자진상폐,정상,0.0,,2024,43.8,-10.4,2024-12-19
080030,동북아2호선박투자회사,피인수상폐,피인수상폐,재무없음,,,2013,98.6,2.4,2013-08-16
080140,디보스,부실상폐,소형·재무자료없음,재무없음,,,2010,16.7,0.0,2010-02-01
080180,아시아퍼시픽1호선박투자회사,피인수상폐,피인수상폐,재무없음,,,2014,100.0,0.8,2014-07-09
080410,동북아6호선박투자회사,피인수상폐,피인수상폐,재무없음,,,2010,96.5,0.0,2010-10-22
080440,에스제이케이,부실상폐,적자지속,정상,3.0,2017.0,2021,3.6,-96.4,2021-09-10
080960,동북아3호선박투자회사,피인수상폐,피인수상폐,재무없음,,,2014,100.0,1.8,2014-02-10
080970,동북아4호선박투자회사,피인수상폐,피인수상폐,재무없음,,,2014,100.0,1.8,2014-02-17
080980,동북아5호선박투자회사,피인수상폐,피인수상폐,재무없음,,,2014,100.0,0.4,2014-04-24
081090,씨모텍,부실상폐,소형·재무자료없음,재무없음,,,2011,0.4,-99.2,2011-09-22
081190,아시아퍼시픽2호선박투자회사,피인수상폐,피인수상폐,재무없음,,,2014,93.8,0.3,2014-12-17
081200,아시아퍼시픽3호선박투자회사,피인수상폐,피인수상폐,재무없음,,,2014,91.3,0.3,2014-12-19
081210,아시아퍼시픽4호선박투자회사,피인수상폐,피인수상폐,재무없음,,,2015,97.5,1.0,2015-01-19
081220,세미텍,자진상폐,자진상폐,재무없음,,,2014,67.5,5.9,2014-02-28
081930,아시아퍼시픽8호선박투자회사,피인수상폐,피인수상폐,재무없음,,,2015,99.6,0.6,2015-02-16
081940,아시아퍼시픽9호선박투자회사,피인수상폐,피인수상폐,재무없음,,,2015,99.2,1.4,2015-01-07
081970,케이엑스넥스지,부실상폐,급성붕괴(정상재무→급락:횡령·감사의견 추정),정상,0.0,,2018,10.3,-85.4,2018-10-10
082110,동북아8호선박투자회사,피인수상폐,피인수상폐,재무없음,,,2011,100.0,1.6,2011-01-03
082220,프렉코,부실상폐,소형·재무자료없음,재무없음,,,2015,15.6,0.0,2015-09-24
082240,아시아퍼시픽5호선박투자회사,피인수상폐,피인수상폐,재무없음,,,2015,99.8,0.4,2015-03-12
082250,아시아퍼시픽6호선박투자회사,피인수상폐,피인수상폐,재무없음,,,2015,99.6,0.6,2015-03-12
082260,아시아퍼시픽7호선박투자회사,피인수상폐,피인수상폐,재무없음,,,2015,100.0,0.7,2015-03-12
082390,피엘에이,부실상폐,완전자본잠식,완전자본잠식,1.0,,2016,4.3,-89.8,2016-07-22
082930,실리콘화일,피인수상폐,피인수상폐,재무없음,,,2014,95.6,2.4,2014-05-22
083350,동북아10호선박투자회사,피인수상폐,피인수상폐,정상,0.0,,2017,83.0,4.5,2017-06-13
083360,동북아11호선박투자회사,피인수상폐,피인수상폐,정상,0.0,,2017,99.8,4.2,2017-06-13
083370,동북아12호선박투자회사,피인수상폐,피인수상폐,정상,0.0,,2020,99.8,0.2,2020-06-22
083380,동북아13호선박투자회사,피인수상폐,피인수상폐,정상,0.0,,2020,98.6,0.2,2020-04-29
083390,동북아14호선박투자회사,피인수상폐,피인수상폐,정상,0.0,,2017,99.6,4.0,2017-06-13
083570,아시아퍼시픽10호선박투자회사,피인수상폐,피인수상폐,정상,0.0,,2017,100.0,3.5,2017-06-14
083580,아시아퍼시픽11호선박투자회사,피인수상폐,피인수상폐,정상,0.0,,2017,100.0,3.2,2017-06-14
083590,아시아퍼시픽12호선박투자회사,피인수상폐,피인수상폐,정상,0.0,,2017,100.0,4.3,2017-06-14
083600,아시아퍼시픽13호선박투자회사,피인수상폐,피인수상폐,정상,0.0,,2017,100.0,5.0,2017-06-14
083610,아시아퍼시픽14호선박투자회사,피인수상폐,피인수상폐,정상,0.0,,2017,98.8,0.8,2017-06-19
083620,아시아퍼시픽15호선박투자회사,피인수상폐,피인수상폐,정상,0.0,,2017,97.9,0.6,2017-07-28
084160,골든브릿지더블유엠경매부동산일호투자회사,피인수상폐,피인수상폐,재무없음,,,2010,87.6,1.8,2010-10-14
084240,동북아15호선박투자회사,피인수상폐,피인수상폐,재무없음,,,2010,100.0,4.1,2010-07-12
084450,세실,부실상폐,소형·재무자료없음,재무없음,,,2011,2.1,-86.8,2011-02-09
084810,아이알디,부실상폐,소형·재무자료없음,재무없음,,,2010,9.1,-88.9,2010-03-31
085370,루트로닉,피인수상폐,피인수상폐,정상,0.0,,2023,97.1,-0.1,2023-10-26
085980,세화피앤씨,자진상폐,자진상폐,재무없음,,,2017,69.7,-0.3,2017-09-18
085990,영찬테크,부실상폐,소형·재무자료없음,재무없음,,,2010,1.3,-91.7,2010-05-07
086080,다이노나,자진상폐,자진상폐,정상,1.0,,2021,73.8,2.3,2021-11-19
086200,제이앤유글로벌,부실상폐,급성붕괴(정상재무→급락:횡령·감사의견 추정),정상,1.0,,2016,1.8,-92.8,2016-05-04
086250,화신테크,부실상폐,완전자본잠식,완전자본잠식,2.0,2021.0,2021,6.8,-93.2,2021-08-30
086460,큐러블,부실상폐,소형·재무자료없음,재무없음,,,2025,0.8,-96.8,2025-08-18
086720,코크렙제7호위탁관리부동산투자회사,피인수상폐,피인수상폐,재무없음,,,2010,81.6,2.1,2010-12-28
086830,신양오라컴디스플레이,부실상폐,부분자본잠식,부분자본잠식,1.0,2015.0,2017,1.4,-94.9,2017-05-04
087220,스틸플라워,부실상폐,부분자본잠식,부분자본잠식,3.0,2017.0,2018,6.8,-85.0,2018-05-04
087730,이엠네트웍스,부실상폐,완전자본잠식,완전자본잠식,3.0,2020.0,2021,1.5,-98.5,2021-10-07
088010,동북아21호선박투자회사,피인수상폐,피인수상폐,재무없음,,,2010,94.2,0.0,2010-12-27
088020,네이쳐글로벌,부실상폐,소형·재무자료없음,재무없음,,,2011,2.1,-75.5,2011-01-07
088700,마이스코,부실상폐,소형·재무자료없음,재무없음,,,2013,1.4,-90.9,2013-05-03
088810,맥스브로,부실상폐,소형·재무자료없음,재무없음,,,2011,0.9,-96.5,2011-04-28
088960,씨티엘테크,부실상폐,소형·재무자료없음,재무없음,,,2012,2.0,-87.5,2012-02-07
089240,네오세미테크,부실상폐,소형·재무자료없음,재무없음,,,2010,1.1,-98.2,2010-09-02
089480,평산,부실상폐,소형·재무자료없음,재무없음,,,2012,3.7,-89.6,2012-04-12
089530,에이티세미콘,부실상폐,부분자본잠식,부분자본잠식,3.0,2016.0,2024,3.0,-97.0,2024-09-05
090090,디앤샵,자진상폐,자진상폐,재무없음,,,2011,75.3,-6.2,2011-12-14
090120,잘만테크,부실상폐,급성붕괴(정상재무→급락:횡령·감사의견 추정),정상,1.0,,2015,1.2,-94.9,2015-05-12
090540,코크렙제8호위탁관리부동산투자회사,피인수상폐,피인수상폐,재무없음,,,2015,100.0,3.7,2015-01-15
090730,심팩메탈,자진상폐,자진상폐,정상,1.0,,2018,68.1,-3.3,2018-07-16
090740,와이앤넥스트,부실상폐,급성붕괴(정상재무→급락:횡령·감사의견 추정),정상,1.0,,2022,3.6,-96.4,2022-10-14
090970,코리아퍼시픽01호선박투자회사,부실상폐,급성붕괴(정상재무→급락:횡령·감사의견 추정),정상,0.0,,2017,2.8,-95.5,2017-04-24
090980,코리아퍼시픽02호선박투자회사,부실상폐,급성붕괴(정상재무→급락:횡령·감사의견 추정),정상,0.0,,2017,2.4,-95.9,2017-04-24
090990,코리아퍼시픽03호선박투자회사,부실상폐,급성붕괴(정상재무→급락:횡령·감사의견 추정),정상,0.0,,2017,2.7,-95.5,2017-04-24
091000,코리아퍼시픽04호선박투자회사,부실상폐,급성붕괴(정상재무→급락:횡령·감사의견 추정),정상,0.0,,2017,2.7,-95.4,2017-04-24
091090,세원이앤씨,부실상폐,적자지속,정상,3.0,,2025,9.5,-90.5,2025-10-24
091270,유디피,부실상폐,소형·재무자료없음,재무없음,,,2018,0.4,-95.5,2018-04-17
091690,디지텍시스템스,부실상폐,소형·재무자료없음,재무없음,,,2015,0.6,-98.5,2015-01-20
091990,셀트리온헬스케어,피인수상폐,피인수상폐,정상,0.0,,2024,94.4,6.0,2024-01-11
092630,바다로3호선박투자회사,자진상폐,자진상폐,부분자본잠식,1.0,2015.0,2016,42.5,-12.2,2016-06-10
093230,이아이디,부실상폐,적자지속,정상,3.0,,2025,2.4,-97.6,2025-09-10
093400,코리아퍼시픽05호선박투자회사,부실상폐,소형·재무자료없음,재무없음,,,2013,0.3,-98.8,2013-04-09
093410,코리아퍼시픽06호선박투자회사,부실상폐,소형·재무자료없음,재무없음,,,2013,0.4,-98.5,2013-04-09
093820,한국베트남15-1유전해외자원개발투자회사,피인수상폐,피인수상폐,재무없음,,,2012,80.2,-6.2,2012-01-31
094190,이엘케이,부실상폐,완전자본잠식,완전자본잠식,3.0,2018.0,2020,1.3,-98.7,2020-05-21
094520,미래에셋맵스오퍼튜니티베트남주식혼합형투자회사1호,피인수상폐,피인수상폐,재무없음,,,2011,99.3,1.6,2011-11-23
094700,미성포리테크,부실상폐,소형·재무자료없음,재무없음,,,2012,1.0,-95.2,2012-04-12
094950,GB블루오션베트남주식혼합형투자회사1호,피인수상폐,피인수상폐,재무없음,,,2011,87.3,5.3,2011-01-04
095300,엔에스브이,부실상폐,부분자본잠식,부분자본잠식,2.0,2016.0,2017,3.9,-85.6,2017-09-11
096040,이트론,부실상폐,부분자본잠식,부분자본잠식,3.0,2018.0,2025,1.8,-98.2,2025-09-09
096300,한국월드와이드베트남부동산개발특별자산1호투자회사,자진상폐,자진상폐,재무없음,,,2023,37.1,-30.0,2023-02-01
096640,멜파스,부실상폐,부분자본잠식,부분자본잠식,3.0,2023.0,2023,10.1,-89.9,2023-07-14
098150,한국월드와이드아시아태평양특별자산1호투자회사,피인수상폐,피인수상폐,재무없음,,,2012,96.6,-0.6,2012-04-20
098400,엔스퍼트,부실상폐,소형·재무자료없음,재무없음,,,2012,3.2,-92.3,2012-07-23
099210,코리아퍼시픽07호선박투자회사,부실상폐,소형·재무자료없음,재무없음,,,2013,0.3,-98.7,2013-04-09
099340,하나유비에스암바토비니켈해외자원개발1호,자진상폐,자진상폐,재무없음,,,2020,35.2,-45.6,2020-06-30
099350,하나유비에스암바토비니켈해외자원개발2호,자진상폐,자진상폐,재무없음,,,2020,25.5,-60.6,2020-06-30
099660,신텍,부실상폐,완전자본잠식,완전자본잠식,2.0,2018.0,2018,2.7,-96.2,2018-07-06
099830,씨그널엔터테인먼트그룹,부실상폐,적자지속,정상,3.0,,2018,3.0,-94.3,2018-05-03
101060,SBS미디어홀딩스,자진상폐,자진상폐,정상,2.0,,2022,74.7,3.8,2022-01-17
101380,거북선2호선박투자회사,피인수상폐,피인수상폐,재무없음,,,2010,93.8,-0.6,2010-12-02
101790,케이알제2호개발전문위탁관리부동산투자회사,피인수상폐,피인수상폐,재무없음,,,2012,100.0,0.0,2012-04-16
101990,파브코,자진상폐,자진상폐,재무없음,,,2014,59.2,0.7,2014-05-20
102000,거북선3호선박투자회사,피인수상폐,피인수상폐,재무없음,,,2010,94.7,0.0,2010-12-02
102210,트레스,자진상폐,자진상폐,정상,3.0,,2021,66.4,-33.6,2021-04-16
102280,쌍방울,부실상폐,부분자본잠식,부분자본잠식,3.0,2023.0,2025,16.7,-83.3,2025-11-27
103130,웅진에너지,부실상폐,완전자본잠식,완전자본잠식,2.0,2017.0,2020,5.7,-94.3,2020-05-29
103150,하이트맥주,자진상폐,자진상폐,재무없음,,,2011,65.8,-5.4,2011-09-23
103650,에이치앤아이,부실상폐,소형·재무자료없음,재무없음,,,2016,1.6,-95.8,2016-07-13
104110,신성이엔지,자진상폐,자진상폐,정상,0.0,,2016,64.0,-14.5,2016-12-29
104120,신성에프에이,자진상폐,자진상폐,정상,0.0,,2016,65.1,-14.7,2016-12-29
105070,금강제강,부실상폐,소형·재무자료없음,재무없음,,,2012,2.7,-95.6,2012-08-13
105380,다산자기관리부동산투자회사,부실상폐,소형·재무자료없음,재무없음,,,2011,0.8,-97.3,2011-06-23
108070,삼성디지털이미징,피인수상폐,피인수상폐,재무없음,,,2010,94.8,3.6,2010-04-13
108790,인터파크,피인수상폐,피인수상폐,정상,1.0,,2020,83.8,10.1,2020-07-15
108890,거북선4호선박투자회사,피인수상폐,피인수상폐,재무없음,,,2012,86.3,0.0,2012-05-23
110310,모린스,부실상폐,소형·재무자료없음,재무없음,,,2014,0.3,-94.7,2014-04-10
110500,유니드코리아,부실상폐,소형·재무자료없음,재무없음,,,2014,0.9,-92.2,2014-09-01
110570,넥솔론,부실상폐,부분자본잠식,부분자본잠식,0.0,2015.0,2017,3.0,-92.2,2017-04-14
110660,툴코리아,부실상폐,소형·재무자료없음,재무없음,,,2018,3.7,-91.4,2018-10-10
111610,세왕,부실상폐,급성붕괴(정상재무→급락:횡령·감사의견 추정),정상,1.0,,2016,7.3,-83.3,2016-01-22
111820,지유온,부실상폐,적자지속,정상,3.0,,2021,1.6,-98.4,2021-09-29
111870,케이에이치미래물산,부실상폐,적자지속,정상,2.0,,2026,4.0,-96.0,2026-01-13
112240,에스에프씨,부실상폐,적자지속,정상,3.0,,2020,5.7,-94.3,2020-06-29
114120,크루셜텍,부실상폐,완전자본잠식,완전자본잠식,3.0,2019.0,2024,0.8,-99.2,2024-02-14
114130,거북선5호선박투자회사,피인수상폐,피인수상폐,재무없음,,,2012,100.0,4.4,2012-02-29
114140,거북선6호선박투자회사,피인수상폐,피인수상폐,재무없음,,,2012,92.2,0.0,2012-02-29
114410,현대푸드시스템,피인수상폐,피인수상폐,재무없음,,,2010,96.8,1.1,2010-07-15
114570,지스마트글로벌,부실상폐,완전자본잠식,완전자본잠식,3.0,2019.0,2022,10.0,-90.0,2022-02-22
115390,락앤락,피인수상폐,피인수상폐,정상,2.0,,2024,98.6,0.3,2024-12-06
115960,연우,자진상폐,자진상폐,정상,1.0,,2024,77.2,-2.4,2024-03-05
117930,한진해운,부실상폐,급성붕괴(정상재무→급락:횡령·감사의견 추정),정상,0.0,,2017,0.3,-99.0,2017-03-06
119250,에프지엔개발전문자기관리부동산투자회사,자진상폐,자진상폐,재무없음,,,2014,27.1,-55.4,2014-10-28
119860,커넥트웨이브,피인수상폐,피인수상폐,정상,1.0,,2024,99.1,0.2,2024-09-23
120780,전우정밀,피인수상폐,피인수상폐,재무없음,,,2021,100.0,0.0,2021-05-04
121550,코크렙제15호기업구조조정부동산투자회사,자진상폐,자진상폐,정상,1.0,,2015,70.5,-14.2,2015-10-15
121910,대우증권그린코리아기업인수목적회사,피인수상폐,피인수상폐,재무없음,,,2012,100.0,1.1,2012-10-12
121950,미래에셋제1호기업인수목적,피인수상폐,피인수상폐,재무없음,,,2012,100.0,1.0,2012-10-22
122050,아이엘사이언스,자진상폐,자진상폐,재무없음,,,2019,63.9,-10.5,2019-12-26
122290,동양밸류오션기업인수목적,피인수상폐,피인수상폐,재무없음,,,2012,100.0,1.5,2012-11-06
122750,우리기업인수목적1호,피인수상폐,피인수상폐,재무없음,,,2012,99.5,1.5,2012-12-20
122800,썬테크놀로지스,부실상폐,적자지속,정상,3.0,,2020,4.4,-95.6,2020-02-11
123100,원익테라세미콘,피인수상폐,피인수상폐,정상,0.0,,2019,55.4,23.1,2019-02-19
123160,히든챔피언제1호기업인수목적,피인수상폐,피인수상폐,재무없음,,,2013,100.0,1.2,2013-01-17
123260,파인넥스,부실상폐,부분자본잠식,부분자본잠식,3.0,2018.0,2020,3.9,-96.1,2020-04-09
123290,한국투자신성장1호기업인수목적회사,피인수상폐,피인수상폐,재무없음,,,2013,99.8,2.9,2013-03-28
123300,부국퓨쳐스타즈기업인수목적,피인수상폐,피인수상폐,재무없음,,,2013,100.0,1.7,2013-05-31
123550,대신증권그로쓰알파기업인수목적,피인수상폐,피인수상폐,재무없음,,,2013,100.0,2.4,2013-03-28
123910,에스비아이앤솔로몬드림기업인수목적,피인수상폐,피인수상폐,재무없음,,,2013,100.0,3.1,2013-03-28
124050,한화에스브이명장제1호기업인수목적,피인수상폐,피인수상폐,재무없음,,,2013,100.0,3.9,2013-02-14
126680,아이비케이에스스마트에스엠이기업인수목적1호,피인수상폐,피인수상폐,재무없음,,,2013,99.1,0.9,2013-07-26
126870,앤에스,부실상폐,적자지속,정상,3.0,,2022,3.5,-96.5,2022-10-25
127160,매직마이크로,부실상폐,적자지속,정상,3.0,,2022,1.1,-98.9,2022-09-21
128910,동부티에스블랙펄기업인수목적,피인수상폐,피인수상폐,재무없음,,,2013,99.5,0.5,2013-07-12
130960,씨제이이앤엠,피인수상폐,피인수상폐,정상,0.0,,2018,100.0,9.5,2018-07-17
131390,원익피앤이,피인수상폐,피인수상폐,정상,0.0,,2022,64.6,21.3,2022-11-28
134000,거북선7호선박투자회사,피인수상폐,피인수상폐,재무없음,,,2012,94.4,-2.6,2012-02-29
134780,에스엠화진,부실상폐,적자지속,정상,3.0,,2020,10.5,-89.5,2020-07-01
135160,무송지오씨,부실상폐,소형·재무자료없음,재무없음,,,2023,13.8,-82.1,2023-04-28
135270,세종머티리얼즈,부실상폐,소형·재무자료없음,재무없음,,,2019,0.4,-97.1,2019-10-01
136510,스마트솔루션즈,부실상폐,완전자본잠식,완전자본잠식,2.0,,2024,0.5,-99.5,2024-07-24
138250,엔에스쇼핑,자진상폐,자진상폐,정상,2.0,,2022,76.3,14.8,2022-03-21
138290,지성이씨에스,자진상폐,자진상폐,재무없음,,,2018,42.8,14.1,2018-08-21
138440,이코리아자기관리부동산투자회사,부실상폐,부분자본잠식,부분자본잠식,1.0,2015.0,2015,23.0,-71.1,2015-09-15
138490,코오롱이앤피,피인수상폐,피인수상폐,정상,0.0,,2026,97.5,40.3,2026-04-15
138580,비즈니스온커뮤니케이션,피인수상폐,피인수상폐,정상,0.0,,2024,99.4,0.0,2024-11-21
138690,엘아이에스,부실상폐,부분자본잠식,부분자본잠식,3.0,2022.0,2023,6.5,-93.5,2023-12-05
139170,퓨얼셀파워,자진상폐,자진상폐,재무없음,,,2014,68.8,0.0,2014-10-29
139200,하이골드오션2호선박투자회사,피인수상폐,피인수상폐,정상,1.0,,2017,86.4,2.4,2017-01-10
140290,청광건설,자진상폐,자진상폐,재무없음,,,2023,74.8,3.3,2023-05-04
140890,트러스와이제7호위탁관리부동산투자회사,피인수상폐,피인수상폐,부분자본잠식,1.0,2017.0,2019,100.0,2.6,2019-05-03
141020,디에스앤엘,부실상폐,완전자본잠식,완전자본잠식,2.0,2016.0,2024,0.6,-99.4,2024-01-02
141070,맥스로텍,부실상폐,부분자본잠식,부분자본잠식,2.0,2020.0,2021,1.1,-93.8,2021-09-15
144620,코오롱머티리얼,자진상폐,자진상폐,부분자본잠식,3.0,2020.0,2021,76.7,0.0,2021-11-04
144630,씨아이에스,피인수상폐,피인수상폐,재무없음,,,2017,94.3,3.1,2017-01-19
144740,피엠디아카데미,부실상폐,소형·재무자료없음,재무없음,,,2018,1.9,-84.8,2018-08-06
148140,비디아이,부실상폐,완전자본잠식,완전자본잠식,3.0,2020.0,2024,2.0,-98.0,2024-06-05
149130,케이비부국제1호개발전문위탁관리부동산투자회사,부실상폐,완전자본잠식,완전자본잠식,1.0,,2015,7.2,19.5,2015-02-27
149940,모다,자진상폐,자진상폐,정상,3.0,,2020,59.6,0.0,2020-07-09
150440,피노텍,자진상폐,자진상폐,완전자본잠식,2.0,2018.0,2024,67.4,-32.6,2024-03-20
150840,인트로메딕,부실상폐,적자지속,정상,3.0,,2026,2.6,-97.4,2026-01-23
151750,테라텍,피인수상폐,피인수상폐,재무없음,,,2016,63.3,44.8,2016-02-22
151910,퓨처코어,부실상폐,급성붕괴(정상재무→급락:횡령·감사의견 추정),정상,1.0,,2025,2.3,-97.7,2025-11-25
152330,코리아오토글라스,피인수상폐,피인수상폐,정상,0.0,,2020,97.6,13.7,2020-12-17
152550,한국투자ANKOR유전해외자원개발특별자산투자회사1호(지분증권),부실상폐,소형·재무자료없음,재무없음,,,2026,11.8,-78.7,2026-04-30
153360,하이골드오션3호선박투자회사,피인수상폐,피인수상폐,부분자본잠식,1.0,2015.0,2022,100.0,2.8,2022-04-08
155900,바다로19호선박투자회사,피인수상폐,피인수상폐,부분자본잠식,1.0,2015.0,2023,100.0,4.0,2023-11-23
155960,지디,부실상폐,적자지속,정상,3.0,,2018,1.4,-96.1,2018-10-11
156170,비앤에스미디어,자진상폐,자진상폐,재무없음,,,2017,36.9,0.0,2017-07-12
158300,에스에이티,피인수상폐,피인수상폐,재무없음,,,2021,78.2,38.3,2021-12-08
158310,참존글로벌,부실상폐,완전자본잠식,완전자본잠식,2.0,2020.0,2022,6.0,-94.0,2022-11-08
158380,삼목강업,피인수상폐,피인수상폐,정상,0.0,,2016,85.0,0.0,2016-04-20
159650,하이골드오션8호국제선박투자회사,피인수상폐,피인수상폐,부분자본잠식,2.0,2017.0,2020,88.2,-7.6,2020-04-24
160350,웹솔루스,부실상폐,소형·재무자료없음,재무없음,,,2015,0.2,-99.4,2015-04-29
160600,이큐셀,부실상폐,급성붕괴(정상재무→급락:횡령·감사의견 추정),정상,1.0,2020.0,2025,12.6,-87.4,2025-02-13
161570,더미동,부실상폐,적자지속,정상,3.0,,2024,2.2,-79.8,2024-06-14
163430,디피코,부실상폐,소형·재무자료없음,재무없음,,,2024,0.0,-100.0,2024-06-17
164060,이루다,피인수상폐,피인수상폐,정상,1.0,,2024,85.1,9.1,2024-10-21
165270,금오하이텍,부실상폐,소형·재무자료없음,재무없음,,,2017,1.9,-97.4,2017-06-05
167380,나무기술,피인수상폐,피인수상폐,재무없음,,,2018,82.1,19.5,2018-12-10
168490,한국투자패러랠유전해외자원개발특별자산투자회사1호(지분증권),자진상폐,자진상폐,재무없음,,,2025,31.5,-16.9,2025-03-31
172580,하이골드오션12호국제선박투자회사,피인수상폐,피인수상폐,부분자본잠식,1.0,2017.0,2021,100.0,2.8,2021-12-30
174880,장원테크,부실상폐,적자지속,정상,2.0,,2026,21.5,-78.5,2026-01-13
176440,미래오토스,부실상폐,적자지속,정상,3.0,,2022,0.9,-99.1,2022-06-24
176560,포인트엔지니어링,피인수상폐,피인수상폐,정상,0.0,,2019,93.6,31.9,2019-07-15
179280,스탠다드펌,부실상폐,소형·재무자료없음,재무없음,,,2015,0.6,-99.0,2015-04-29
179440,비지스틸,부실상폐,소형·재무자료없음,재무없음,,,2016,15.0,-72.8,2016-07-06
181340,이즈미디어,부실상폐,부분자본잠식,부분자본잠식,3.0,2023.0,2024,2.5,-97.5,2024-07-09
181980,자원메디칼,피인수상폐,피인수상폐,정상,0.0,,2015,100.0,5.9,2015-04-14
182690,테라셈,부실상폐,적자지속,정상,3.0,2018.0,2022,0.6,-90.6,2022-10-14
183350,엘피케이로보틱스,자진상폐,자진상폐,재무없음,,,2020,34.2,-46.4,2020-06-16
183410,골프존클라우드,자진상폐,자진상폐,재무없음,,,2024,40.7,0.4,2024-02-21
185280,이푸른,피인수상폐,피인수상폐,재무없음,,,2016,45.5,32.9,2016-12-02
187770,판타지오,피인수상폐,피인수상폐,재무없음,,,2014,80.0,0.0,2014-11-07
189540,씨티네트웍스,부실상폐,소형·재무자료없음,재무없음,,,2020,1.3,-95.9,2020-05-11
189700,디피앤케이,부실상폐,급성붕괴(정상재무→급락:횡령·감사의견 추정),정상,1.0,,2017,0.1,-98.5,2017-08-30
192240,나이코,피인수상폐,피인수상폐,재무없음,,,2016,48.7,39.5,2016-12-22
192520,경남은행,자진상폐,자진상폐,재무없음,,,2015,69.6,-2.5,2015-06-22
192530,광주은행,피인수상폐,피인수상폐,재무없음,,,2018,84.4,-1.8,2018-10-25
194510,넥스쳐,자진상폐,자진상폐,정상,2.0,,2020,46.6,-53.4,2020-09-08
194610,우성아이비,부실상폐,완전자본잠식,완전자본잠식,2.0,2018.0,2018,2.0,-96.8,2018-10-11
194860,에스와이이노베이션,부실상폐,소형·재무자료없음,재무없음,,,2017,5.0,-90.5,2017-04-11
195440,퓨전,부실상폐,부분자본잠식,부분자본잠식,3.0,2018.0,2021,15.9,-84.1,2021-06-09
197210,리드,부실상폐,완전자본잠식,완전자본잠식,3.0,2019.0,2020,0.6,-95.0,2020-05-13
199870,배터리솔루션즈,부실상폐,소형·재무자료없음,재무없음,,,2018,3.0,-93.0,2018-03-27
204440,대우기업인수목적2호,피인수상폐,피인수상폐,재무없음,,,2017,97.8,0.0,2017-05-26
204630,로아앤코홀딩스,부실상폐,부분자본잠식,부분자본잠식,3.0,2023.0,2026,4.7,-95.3,2026-03-17
204650,케이티비기업인수목적1호,피인수상폐,피인수상폐,정상,0.0,,2017,98.5,-1.0,2017-07-06
204690,다린,피인수상폐,피인수상폐,재무없음,,,2017,100.0,0.0,2017-08-01
204760,현대에이블기업인수목적1호,피인수상폐,피인수상폐,재무없음,,,2017,98.8,0.2,2017-06-14
204990,코썬바이오,부실상폐,부분자본잠식,부분자본잠식,2.0,2019.0,2020,0.4,-98.5,2020-08-10
205290,케미메디,부실상폐,소형·재무자료없음,재무없음,,,2020,5.2,-94.8,2020-05-12
206660,골든브릿지제2호기업인수목적,피인수상폐,피인수상폐,재무없음,,,2017,97.2,1.0,2017-10-19
207230,디와이엘엔제이,부실상폐,소형·재무자료없음,재무없음,,,2016,0.9,-97.7,2016-07-25
207720,엔에이치에스엘기업인수목적,자진상폐,자진상폐,재무없음,,,2017,71.1,0.7,2017-10-13
207930,에스케이제1호기업인수목적,자진상폐,자진상폐,재무없음,,,2017,78.9,-0.2,2017-11-03
208340,파멥신,부실상폐,적자지속,정상,3.0,,2026,3.9,-96.1,2026-01-26
208870,하나머스트3호기업인수목적,자진상폐,자진상폐,정상,0.0,,2017,37.5,-9.4,2017-07-28
210610,소프트캠프,피인수상폐,피인수상폐,재무없음,,,2019,88.1,7.2,2019-12-27
213090,미래테크놀로지,자진상폐,자진상폐,정상,2.0,,2021,78.1,3.5,2021-10-01
214310,로아앤코,부실상폐,적자지속,정상,3.0,,2024,8.7,-91.3,2024-12-20
214870,한울비앤씨,부실상폐,완전자본잠식,완전자본잠식,2.0,2022.0,2025,0.7,-99.3,2025-03-28
215050,비엔디생활건강,부실상폐,소형·재무자료없음,재무없음,,,2023,2.4,-97.6,2023-04-20
215580,대우기업인수목적3호,자진상폐,자진상폐,재무없음,,,2017,59.8,0.0,2017-12-22
215750,미래에셋제3호기업인수목적,피인수상폐,피인수상폐,정상,0.0,,2018,100.0,1.0,2018-01-03
216280,원텍,자진상폐,자진상폐,재무없음,,,2022,76.8,-0.7,2022-06-29
217600,켐온,자진상폐,자진상폐,정상,0.0,,2022,53.5,-6.5,2022-12-15
217810,엔에이치기업인수목적7호,피인수상폐,피인수상폐,재무없음,,,2018,97.1,0.0,2018-01-18
218710,키움제3호기업인수목적,피인수상폐,피인수상폐,재무없음,,,2018,99.8,0.7,2018-02-13
219580,골든브릿지제3호기업인수목적,피인수상폐,피인수상폐,재무없음,,,2018,99.5,0.0,2018-02-06
219860,한화에이스기업인수목적2호,피인수상폐,피인수상폐,재무없음,,,2018,99.0,0.7,2018-02-28
219960,유안타제2호기업인수목적,피인수상폐,피인수상폐,재무없음,,,2018,96.0,0.2,2018-02-22
220110,드림티엔터테인먼트,부실상폐,급성붕괴(정상재무→급락:횡령·감사의견 추정),정상,0.0,,2020,0.6,-99.4,2020-04-09
220250,카이노스메드,피인수상폐,피인수상폐,재무없음,,,2020,96.7,28.7,2020-06-05
220630,맘스터치앤컴퍼니,자진상폐,자진상폐,정상,0.0,,2022,75.4,-4.2,2022-05-30
221200,유진기업인수목적3호,피인수상폐,피인수상폐,정상,0.0,,2018,99.8,1.0,2018-04-16
221610,자안바이오,부실상폐,적자지속,정상,2.0,,2022,0.2,-98.3,2022-01-04
221670,주노콜렉션,부실상폐,소형·재무자료없음,재무없음,,,2019,24.4,-70.8,2019-07-15
221950,케이비드림투게더제3호기업인수목적,피인수상폐,피인수상폐,재무없음,,,2018,99.0,0.5,2018-03-29
222390,케이비제8호기업인수목적,피인수상폐,피인수상폐,재무없음,,,2018,99.3,0.7,2018-03-12
222520,솔트웍스,자진상폐,자진상폐,재무없음,,,2016,71.1,-12.9,2016-12-02
222810,세토피아,부실상폐,부분자본잠식,부분자본잠식,3.0,2019.0,2026,0.3,-99.7,2026-03-13
223040,교보5호기업인수목적,피인수상폐,피인수상폐,재무없음,,,2018,98.8,0.5,2018-03-29
224020,에스케이씨에스,자진상폐,자진상폐,재무없음,,,2024,26.7,2.1,2024-03-28
224090,정다운,피인수상폐,피인수상폐,재무없음,,,2016,93.3,7.2,2016-06-28
224880,에스지에이클라우드서비스,부실상폐,완전자본잠식,완전자본잠식,3.0,2018.0,2021,9.9,-90.0,2021-05-04
225330,씨엠에스에듀,자진상폐,자진상폐,정상,0.0,,2022,69.8,4.8,2022-03-16
225440,이베스트기업인수목적3호,피인수상폐,피인수상폐,재무없음,,,2018,100.0,1.0,2018-05-25
225650,쿠첸,자진상폐,자진상폐,정상,2.0,,2019,78.8,11.0,2019-09-11
225850,미애부,자진상폐,자진상폐,재무없음,,,2022,35.3,-64.7,2022-04-26
225860,엠앤씨생명과학,부실상폐,소형·재무자료없음,재무없음,,,2022,21.2,-77.3,2022-04-26
226350,아이엠텍,부실상폐,완전자본잠식,완전자본잠식,2.0,2018.0,2021,12.6,-87.4,2021-06-10
226360,케이에이치건설,부실상폐,적자지속,정상,2.0,,2026,1.9,-98.1,2026-01-13
226440,시스네오텍,부실상폐,부분자본잠식,부분자본잠식,3.0,2024.0,2025,0.7,-99.3,2025-06-18
226610,한국비엔씨,피인수상폐,피인수상폐,재무없음,,,2019,100.0,17.5,2019-12-02
226850,키움제4호기업인수목적,피인수상폐,피인수상폐,재무없음,,,2018,100.0,0.5,2018-06-04
228180,비엘사이언스,자진상폐,자진상폐,재무없음,,,2020,68.5,12.5,2020-08-06
229480,줌인터넷,피인수상폐,피인수상폐,재무없음,,,2019,94.5,2.6,2019-06-07
230400,자비스,자진상폐,자진상폐,재무없음,,,2019,60.9,0.0,2019-11-14
230490,동부제4호기업인수목적,피인수상폐,피인수상폐,재무없음,,,2018,100.0,0.2,2018-07-25
232270,케이비제9호기업인수목적,피인수상폐,피인수상폐,재무없음,,,2018,99.5,-0.2,2018-10-11
232290,에스지에이시스템즈,자진상폐,자진상폐,부분자본잠식,0.0,2015.0,2017,62.0,0.0,2017-12-21
232330,에스케이제3호기업인수목적,피인수상폐,피인수상폐,재무없음,,,2019,97.5,0.5,2019-08-29
232360,아스팩오일,피인수상폐,피인수상폐,재무없음,,,2017,92.7,16.9,2017-07-24
233190,미래자원엠엘,피인수상폐,피인수상폐,재무없음,,,2017,100.0,0.0,2017-12-27
235010,하이에이아이1호기업인수목적,피인수상폐,피인수상폐,재무없음,,,2018,98.6,0.5,2018-10-11
235090,태경피엔에스,부실상폐,소형·재무자료없음,재무없음,,,2018,12.4,-65.2,2018-05-08
237720,케이엠제약,피인수상폐,피인수상폐,재무없음,,,2018,100.0,100.5,2018-09-27
238170,엔에스엠,피인수상폐,피인수상폐,정상,2.0,,2026,90.1,2.9,2026-03-25
240340,인터코스,부실상폐,소형·재무자료없음,재무없음,,,2022,10.0,-90.0,2022-05-16
240540,한국제4호기업인수목적,피인수상폐,피인수상폐,재무없음,,,2019,97.2,-0.5,2019-01-28
241510,이에스산업,자진상폐,자진상폐,재무없음,,,2021,41.3,-58.7,2021-01-25
242350,피엔아이컴퍼니,부실상폐,소형·재무자료없음,재무없음,,,2023,0.7,-96.2,2023-09-15
242420,본느,자진상폐,자진상폐,재무없음,,,2018,62.9,-25.2,2018-10-26
242850,영현무역,부실상폐,소형·재무자료없음,재무없음,,,2019,21.2,0.0,2019-05-21
245030,스페이스솔루션,부실상폐,소형·재무자료없음,재무없음,,,2019,22.2,3.9,2019-02-26
246830,시냅스엠,부실상폐,소형·재무자료없음,재무없음,,,2018,1.6,-97.4,2018-05-11
247300,인프라웨어테크놀러지,자진상폐,자진상폐,재무없음,,,2019,28.5,0.0,2019-12-05
248020,젬,부실상폐,소형·재무자료없음,재무없음,,,2024,0.6,-99.0,2024-04-04
250300,제이에스피브이,부실상폐,소형·재무자료없음,재무없음,,,2019,0.4,-99.4,2019-02-28
251540,에스와이제이,부실상폐,소형·재무자료없음,재무없음,,,2018,20.0,-68.4,2018-09-06
251960,엠에프엠코리아,피인수상폐,피인수상폐,재무없음,,,2020,98.4,0.2,2020-12-29
252370,유쎌,부실상폐,소형·재무자료없음,재무없음,,,2020,12.1,-72.6,2020-02-26
252940,에스엠로보틱스,자진상폐,자진상폐,재무없음,,,2018,44.1,2.4,2018-04-24
256090,패션플랫폼,자진상폐,자진상폐,재무없음,,,2018,57.1,0.0,2018-02-12
257730,신한제3호기업인수목적,자진상폐,자진상폐,재무없음,,,2019,75.7,-2.9,2019-09-30
258250,셀젠텍,부실상폐,소형·재무자료없음,재무없음,,,2024,0.4,-96.2,2024-08-29
258540,에스엘테라퓨틱스,부실상폐,소형·재무자료없음,재무없음,,,2025,5.4,-81.5,2025-05-02
260490,캐로스,부실상폐,소형·재무자료없음,재무없음,,,2017,0.0,-99.9,2017-11-28
262760,엔케이맥스,자진상폐,자진상폐,정상,2.0,,2019,56.8,-1.8,2019-07-03
262830,대신밸런스제4호기업인수목적,피인수상폐,피인수상폐,재무없음,,,2019,95.6,-1.9,2019-10-08
263540,어스앤에어로스페이스,부실상폐,완전자본잠식,완전자본잠식,2.0,2019.0,2024,0.3,-99.7,2024-11-05
264290,한화에이스기업인수목적3호,자진상폐,자진상폐,재무없음,,,2019,72.6,-0.7,2019-12-05
265480,미래에셋대우기업인수목적1호,피인수상폐,피인수상폐,재무없음,,,2020,89.3,0.2,2020-01-02
265920,한화수성기업인수목적,피인수상폐,피인수상폐,재무없음,,,2020,93.4,0.5,2020-01-14
266870,파워풀엑스,부실상폐,소형·재무자료없음,재무없음,,,2025,12.6,-68.8,2025-12-26
267060,명진홀딩스,부실상폐,소형·재무자료없음,재무없음,,,2023,1.1,-98.9,2023-04-17
267810,앙츠,자진상폐,자진상폐,재무없음,,,2023,48.9,-17.7,2023-04-03
268600,셀리버리,부실상폐,완전자본잠식,완전자본잠식,3.0,2022.0,2025,0.2,-99.8,2025-03-06
270020,이십일스토어,피인수상폐,피인수상폐,정상,0.0,,2022,100.0,0.0,2022-04-13
271400,알로이스,피인수상폐,피인수상폐,재무없음,,,2019,94.4,0.0,2019-09-30
271740,한국제5호기업인수목적,피인수상폐,피인수상폐,재무없음,,,2020,92.3,0.0,2020-03-02
271780,비엔에프머티리얼즈,피인수상폐,피인수상폐,재무없음,,,2020,100.0,0.0,2020-11-04
271850,다이오진,부실상폐,소형·재무자료없음,재무없음,,,2023,11.8,-88.2,2023-04-11
272420,극동자동화,피인수상폐,피인수상폐,재무없음,,,2018,100.0,0.0,2018-11-14
276920,아이비케이에스제7호기업인수목적,피인수상폐,피인수상폐,재무없음,,,2020,89.3,-0.2,2020-06-17
277480,신한제4호기업인수목적,피인수상폐,피인수상폐,재무없음,,,2020,97.0,0.5,2020-08-19
278380,원바이오젠,피인수상폐,피인수상폐,재무없음,,,2021,92.8,16.4,2021-02-08
279410,한화에이스기업인수목적4호,피인수상폐,피인수상폐,재무없음,,,2020,94.2,-0.5,2020-07-02
281310,바이오시네틱스,부실상폐,소형·재무자료없음,재무없음,,,2023,5.5,-94.5,2023-06-09
281410,한국제6호기업인수목적,피인수상폐,피인수상폐,재무없음,,,2020,94.9,0.5,2020-07-24
282690,동아타이어공업,피인수상폐,피인수상폐,정상,0.0,,2024,98.3,1.5,2024-10-07
283100,노보믹스,부실상폐,완전자본잠식,완전자본잠식,1.0,2022.0,2025,5.7,-91.1,2025-05-27
284420,휴럼,피인수상폐,피인수상폐,재무없음,,,2021,100.0,11.2,2021-07-26
284610,티에스트릴리온,피인수상폐,피인수상폐,재무없음,,,2020,86.4,12.7,2020-12-29
285770,라이프사이언스테크놀로지,부실상폐,소형·재무자료없음,재무없음,,,2023,9.4,-90.6,2023-06-09
286000,씨엔티드림,자진상폐,자진상폐,재무없음,,,2024,45.9,-54.1,2024-10-04
287410,제이시스메디칼,피인수상폐,피인수상폐,정상,0.0,,2024,99.2,0.1,2024-11-06
288490,나라소프트,부실상폐,소형·재무자료없음,재무없음,,,2026,1.4,-98.1,2026-02-06
289860,지슨,피인수상폐,피인수상폐,부분자본잠식,1.0,2022.0,2025,87.2,-4.1,2025-08-13
290380,대유,자진상폐,자진상폐,정상,3.0,,2025,59.1,-40.9,2025-08-20
290510,코리아센터,자진상폐,자진상폐,정상,0.0,,2022,70.6,4.1,2022-12-15
291210,한국제7호기업인수목적,피인수상폐,피인수상폐,재무없음,,,2021,98.1,0.2,2021-01-14
298870,우리벤처파트너스,자진상폐,자진상폐,정상,0.0,,2023,67.9,-1.0,2023-08-25
299670,에스엠비나,자진상폐,자진상폐,재무없음,,,2024,55.6,-44.4,2024-08-14
299910,애닉,부실상폐,완전자본잠식,완전자본잠식,3.0,2021.0,2025,1.2,-98.8,2025-02-13
307070,에스케이에이씨피씨제4호기업인수목적,자진상폐,자진상폐,재무없음,,,2021,60.6,-25.7,2021-07-12
307160,하나머스트제6호기업인수목적,피인수상폐,피인수상폐,정상,1.0,,2021,84.4,-2.6,2021-07-07
308700,테크엔,부실상폐,소형·재무자료없음,재무없음,,,2026,24.6,-75.4,2026-01-13
309900,티티씨디펜스,부실상폐,소형·재무자료없음,재무없음,,,2022,0.2,-99.8,2022-06-15
310840,엔에이치기업인수목적13호,피인수상폐,피인수상폐,재무없음,,,2021,81.5,-1.0,2021-09-17
311270,키움제5호기업인수목적,자진상폐,자진상폐,재무없음,,,2021,74.9,-4.9,2021-07-30
311840,대원모방,피인수상폐,피인수상폐,재무없음,,,2020,100.0,0.0,2020-02-26
313750,유안타제4호기업인수목적,피인수상폐,피인수상폐,재무없음,,,2021,92.8,0.0,2021-12-06
317030,케이비제17호기업인수목적,피인수상폐,피인수상폐,재무없음,,,2021,88.1,-0.7,2021-11-03
317320,한화에스비아이기업인수목적,자진상폐,자진상폐,재무없음,,,2021,28.9,-10.5,2021-12-06
322190,베른,부실상폐,소형·재무자료없음,재무없음,,,2024,0.5,-99.0,2024-04-24
323210,이베스트이안기업인수목적1호,피인수상폐,피인수상폐,재무없음,,,2022,80.4,0.2,2022-02-16
323230,엠에프엠코리아,부실상폐,적자지속,정상,3.0,,2025,0.7,-98.1,2025-06-18
323940,케이비제18호기업인수목적,피인수상폐,피인수상폐,재무없음,,,2022,88.3,-0.2,2022-02-03
327970,케어룸의료산업,자진상폐,자진상폐,재무없음,,,2022,27.9,0.8,2022-03-10
329020,오션스톤,부실상폐,소형·재무자료없음,재무없음,,,2022,0.4,-99.4,2022-12-26
329050,구스앤홈,부실상폐,소형·재무자료없음,재무없음,,,2021,3.0,-97.0,2021-04-12
329560,상상인이안제2호기업인수목적,자진상폐,자진상폐,재무없음,,,2022,64.1,0.0,2022-04-01
330990,케이비제19호기업인수목적,자진상폐,자진상폐,재무없음,,,2022,78.4,0.0,2022-05-06
332710,하나금융14호기업인수목적,피인수상폐,피인수상폐,정상,2.0,,2022,98.3,-0.2,2022-09-23
335890,비올메디컬,자진상폐,자진상폐,정상,0.0,,2025,46.0,-1.1,2025-12-09
337450,에스케이제5호기업인수목적,자진상폐,자진상폐,재무없음,,,2022,62.5,-23.9,2022-10-17
340120,하이제5호기업인수목적,피인수상폐,피인수상폐,재무없음,,,2022,98.1,0.0,2022-07-27
340350,에스케이제6호기업인수목적,피인수상폐,피인수상폐,재무없음,,,2022,88.7,-4.5,2022-10-17
341160,하나금융15호기업인수목적,자진상폐,자진상폐,정상,1.0,,2022,64.0,11.1,2022-12-22
341310,이앤에치,부실상폐,소형·재무자료없음,재무없음,,,2026,0.2,-99.2,2026-02-23
342550,케이비제20호기업인수목적,자진상폐,자진상폐,재무없음,,,2022,67.3,-13.7,2022-12-28
343090,에이치엘비사이언스,피인수상폐,피인수상폐,부분자본잠식,3.0,2023.0,2026,91.4,2.5,2026-01-15
343510,하나금융16호기업인수목적,피인수상폐,피인수상폐,정상,2.0,,2023,89.4,-0.7,2023-02-28
344050,신영해피투모로우제6호기업인수목적,피인수상폐,피인수상폐,재무없음,,,2023,91.5,38.3,2023-02-16
347140,케이프이에스제4호기업인수목적,피인수상폐,피인수상폐,재무없음,,,2022,91.8,-1.0,2022-10-28
348840,데이드림엔터테인먼트,부실상폐,소형·재무자료없음,재무없음,,,2023,24.2,-4.3,2023-08-09
349720,이베스트기업인수목적5호,피인수상폐,피인수상폐,재무없음,,,2022,91.6,1.0,2022-12-23
351340,아이비케이에스제13호기업인수목적,피인수상폐,피인수상폐,재무없음,,,2023,91.4,1.0,2023-02-20
353060,에이치엠씨아이비제5호기업인수목적,피인수상폐,피인수상폐,재무없음,,,2023,98.3,-1.2,2023-09-21
353070,에이치엠씨아이비제4호기업인수목적,피인수상폐,피인수상폐,재무없음,,,2023,92.3,0.2,2023-03-09
353490,미래에셋대우기업인수목적5호,피인수상폐,피인수상폐,재무없음,,,2023,90.8,-1.0,2023-05-16
354230,폭스소프트,자진상폐,자진상폐,정상,0.0,,2021,76.1,9.6,2021-08-31
366330,신한제7호기업인수목적,피인수상폐,피인수상폐,재무없음,,,2023,100.0,48.4,2023-09-15
367340,디비금융제8호기업인수목적,피인수상폐,피인수상폐,재무없음,,,2023,94.3,-0.2,2023-07-14
367360,디비금융제9호기업인수목적,피인수상폐,피인수상폐,재무없음,,,2023,100.0,27.5,2023-11-23
367460,유안타제7호기업인수목적,자진상폐,자진상폐,재무없음,,,2022,48.8,-16.1,2022-12-07
367480,유안타제8호기업인수목적,피인수상폐,피인수상폐,재무없음,,,2023,85.4,4.5,2023-09-07
372290,하나머스트7호기업인수목적,피인수상폐,피인수상폐,정상,2.0,,2024,85.5,-3.0,2024-02-16
373340,유진기업인수목적6호,피인수상폐,피인수상폐,재무없음,,,2023,81.3,1.5,2023-12-12
376190,엘비루셈,자진상폐,자진상폐,정상,0.0,,2025,53.5,4.1,2025-02-20
377400,하이제6호기업인수목적,피인수상폐,피인수상폐,재무없음,,,2024,94.5,7.5,2024-01-24
377630,삼성기업인수목적4호,자진상폐,자진상폐,재무없음,,,2023,36.4,-14.0,2023-12-26
380320,삼성머스트기업인수목적5호,자진상폐,자진상폐,정상,0.0,,2024,48.2,0.2,2024-01-22
380440,엔에이치기업인수목적19호,피인수상폐,피인수상폐,재무없음,,,2023,99.9,1.0,2023-12-28
386580,한화플러스제2호기업인수목적,피인수상폐,피인수상폐,정상,0.0,,2024,88.2,0.7,2024-06-14
387310,대신밸런스제10호기업인수목적,피인수상폐,피인수상폐,재무없음,,,2023,98.4,46.1,2023-03-15
388220,하나금융19호기업인수목적,피인수상폐,피인수상폐,정상,0.0,,2023,80.5,-7.2,2023-05-22
388800,유진기업인수목적7호,피인수상폐,피인수상폐,정상,0.0,,2024,100.0,1.0,2024-07-01
391060,엔에이치기업인수목적20호,피인수상폐,피인수상폐,정상,0.0,,2024,99.9,1.3,2024-05-13
393360,신한제8호기업인수목적,피인수상폐,피인수상폐,정상,0.0,,2024,89.5,0.7,2024-04-29
396770,엔에이치기업인수목적22호,피인수상폐,피인수상폐,재무없음,,,2023,87.4,10.2,2023-04-27
397500,대신밸런스제11호기업인수목적,피인수상폐,피인수상폐,재무없음,,,2023,100.0,57.1,2023-03-08
397880,교보11호기업인수목적,자진상폐,자진상폐,재무없음,,,2024,78.5,0.7,2024-03-22
400560,하나금융20호기업인수목적,피인수상폐,피인수상폐,정상,1.0,,2023,87.7,3.5,2023-09-18
400840,하이제7호기업인수목적,피인수상폐,피인수상폐,정상,0.0,,2024,94.6,0.7,2024-07-25
404950,디비금융제10호기업인수목적,피인수상폐,피인수상폐,재무없음,,,2024,92.6,15.0,2024-01-03
405350,아이비케이에스제17호기업인수목적,피인수상폐,피인수상폐,재무없음,,,2023,85.5,-0.1,2023-11-02
405640,신한제9호기업인수목적,피인수상폐,피인수상폐,정상,0.0,,2024,80.0,-13.1,2024-06-10
406760,하나금융21호기업인수목적,자진상폐,자진상폐,정상,1.0,,2024,67.8,-15.3,2024-12-24
409570,한국제10호기업인수목적,피인수상폐,피인수상폐,재무없음,,,2023,89.1,-6.9,2023-08-30
412930,미래에셋비전기업인수목적1호,피인수상폐,피인수상폐,정상,0.0,,2025,87.1,11.1,2025-01-20
413600,키움제6호기업인수목적,자진상폐,자진상폐,정상,0.0,,2025,70.1,0.0,2025-02-27
415580,상상인제3호기업인수목적,피인수상폐,피인수상폐,정상,0.0,,2024,98.1,0.0,2024-12-03
418170,하나금융22호기업인수목적,자진상폐,자진상폐,정상,0.0,,2024,72.6,-16.8,2024-12-18
418210,신한제10호기업인수목적,피인수상폐,피인수상폐,정상,0.0,,2025,84.6,1.0,2025-04-03
419270,신영해피투모로우제7호기업인수목적,피인수상폐,피인수상폐,정상,0.0,,2024,100.0,14.7,2024-04-24
419700,이브이파킹서비스,부실상폐,소형·재무자료없음,재무없음,,,2024,0.0,-99.4,2024-12-11
421800,교보12호기업인수목적,피인수상폐,피인수상폐,정상,0.0,,2024,85.8,14.6,2024-11-18
422040,엔에이치기업인수목적23호,피인수상폐,피인수상폐,정상,0.0,,2025,99.8,1.4,2025-02-07
424140,케이비제21호기업인수목적,피인수상폐,피인수상폐,정상,0.0,,2025,98.4,1.0,2025-02-03
425290,삼성기업인수목적6호,피인수상폐,피인수상폐,정상,0.0,,2025,86.9,1.2,2025-02-10
426550,아이비케이에스제19호기업인수목적,피인수상폐,피인수상폐,재무없음,,,2024,100.0,122.6,2024-02-14
426670,대신밸런스제12호기업인수목적,자진상폐,자진상폐,재무없음,,,2023,70.8,-16.6,2023-04-19
427950,하나금융23호기업인수목적,피인수상폐,피인수상폐,정상,0.0,,2024,100.0,82.4,2024-01-31
430220,신영해피투모로우제8호기업인수목적,피인수상폐,피인수상폐,정상,0.0,,2025,92.2,1.1,2025-08-21
430230,하나금융24호기업인수목적,자진상폐,자진상폐,정상,0.0,,2024,52.4,-25.7,2024-09-02
430460,한화플러스제3호기업인수목적,자진상폐,자진상폐,정상,0.0,,2024,70.1,-28.1,2024-12-12
430700,유안타제9호기업인수목적,피인수상폐,피인수상폐,정상,0.0,,2025,87.7,0.7,2025-03-14
433530,키움제7호기업인수목적,피인수상폐,피인수상폐,정상,0.0,,2025,90.6,7.0,2025-03-06
435380,유안타제10호기업인수목적,피인수상폐,피인수상폐,정상,0.0,,2025,97.0,1.2,2025-05-13
435620,하나금융25호기업인수목적,피인수상폐,피인수상폐,정상,0.0,,2025,100.0,1.2,2025-05-23
435870,에스케이증권제8호기업인수목적,피인수상폐,피인수상폐,정상,0.0,,2025,98.2,0.7,2025-05-15
436530,케이비제22호기업인수목적,피인수상폐,피인수상폐,정상,0.0,,2024,96.2,21.3,2024-05-02
436610,한국제11호기업인수목적,자진상폐,자진상폐,정상,0.0,,2024,72.3,1.7,2024-09-26
437780,엔에이치기업인수목적24호,피인수상폐,피인수상폐,정상,0.0,,2025,94.7,0.7,2025-05-23
438220,대신밸런스제13호기업인수목적,자진상폐,자진상폐,정상,0.0,,2024,78.9,-4.6,2024-11-19
438580,엔에이치기업인수목적25호,피인수상폐,피인수상폐,정상,0.0,,2025,91.3,0.7,2025-06-10
439250,삼성기업인수목적7호,피인수상폐,피인수상폐,정상,0.0,,2025,99.9,0.9,2025-05-30
439410,엔에이치기업인수목적26호,피인수상폐,피인수상폐,정상,0.0,,2025,100.0,0.0,2025-07-07
439730,아이비케이에스제20호기업인수목적,피인수상폐,피인수상폐,정상,0.0,,2025,85.4,0.5,2025-05-30
440200,케이비제23호기업인수목적,자진상폐,자진상폐,재무없음,,,2023,74.1,-25.6,2023-11-02
440790,교보13호기업인수목적,피인수상폐,피인수상폐,정상,0.0,,2025,90.0,0.7,2025-07-10
440820,엔에이치기업인수목적27호,피인수상폐,피인수상폐,정상,0.0,,2025,98.6,0.2,2025-07-18
442130,유진기업인수목적9호,피인수상폐,피인수상폐,정상,0.0,,2025,89.9,0.2,2025-07-08
442310,대신밸런스제14호기업인수목적,피인수상폐,피인수상폐,정상,0.0,,2025,87.9,-0.2,2025-07-10
442770,아이비케이에스제21호기업인수목적,자진상폐,자진상폐,정상,0.0,,2025,75.2,-6.7,2025-11-14
442900,미래에셋드림기업인수목적1호,피인수상폐,피인수상폐,정상,0.0,,2025,100.0,1.3,2025-10-22
444920,유안타제11호기업인수목적,피인수상폐,피인수상폐,정상,0.0,,2026,99.2,-0.5,2026-04-03
445360,비엔케이제1호기업인수목적,피인수상폐,피인수상폐,정상,0.0,,2025,99.3,0.5,2025-07-25
445970,신영해피투모로우제9호기업인수목적,피인수상폐,피인수상폐,정상,0.0,,2025,94.3,0.5,2025-07-31
446150,유안타제12호기업인수목적,피인수상폐,피인수상폐,정상,0.0,,2026,100.0,2.1,2026-01-27
446190,미래에셋비전기업인수목적2호,피인수상폐,피인수상폐,정상,0.0,,2025,100.0,4.0,2025-09-08
446600,카이바이오텍,피인수상폐,피인수상폐,재무없음,,,2025,50.0,134.4,2025-02-24
446750,하나26호기업인수목적,피인수상폐,피인수상폐,정상,1.0,,2025,97.7,1.4,2025-10-15
448370,하나27호기업인수목적,피인수상폐,피인수상폐,정상,0.0,,2025,98.8,0.7,2025-11-12
448740,삼성기업인수목적8호,피인수상폐,피인수상폐,정상,0.0,,2025,99.7,1.4,2025-10-13
448760,아이비케이에스제22호기업인수목적,피인수상폐,피인수상폐,정상,0.0,,2025,96.7,40.3,2025-12-26
448830,미래에셋비전기업인수목적3호,피인수상폐,피인수상폐,정상,0.0,,2026,84.4,48.5,2026-01-13
449020,유안타제13호기업인수목적,피인수상폐,피인수상폐,정상,0.0,,2025,100.0,1.0,2025-10-02
450050,하이제8호기업인수목적,피인수상폐,피인수상폐,정상,0.0,,2026,100.0,0.7,2026-01-28
450140,코오롱모빌리티그룹,자진상폐,자진상폐,정상,1.0,,2026,34.5,-21.1,2026-01-06
450410,엔에이치기업인수목적28호,피인수상폐,피인수상폐,재무없음,,,2023,97.0,34.6,2023-12-20
450940,유안타제14호기업인수목적,피인수상폐,피인수상폐,정상,0.0,,2026,99.3,1.0,2026-03-04
452670,상상인제4호기업인수목적,피인수상폐,피인수상폐,정상,0.0,,2026,99.5,0.5,2026-04-20
454640,하나29호기업인수목적,피인수상폐,피인수상폐,정상,0.0,,2026,98.4,1.4,2026-02-03
454750,하나28호기업인수목적,피인수상폐,피인수상폐,정상,0.0,,2025,84.2,-10.6,2025-10-24
455250,케이비제25호기업인수목적,피인수상폐,피인수상폐,정상,0.0,,2026,96.8,0.5,2026-01-27
455310,한화플러스제4호기업인수목적,피인수상폐,피인수상폐,정상,0.0,,2026,99.3,0.0,2026-04-14
455910,에스케이증권제9호기업인수목적,피인수상폐,피인수상폐,정상,0.0,,2026,99.1,1.0,2026-03-03
456440,디비금융제11호기업인수목적,피인수상폐,피인수상폐,정상,0.0,,2025,92.9,-2.3,2025-05-15
456490,교보14호기업인수목적,피인수상폐,피인수상폐,정상,0.0,,2026,92.6,1.7,2026-02-09
456700,길교이앤씨,자진상폐,자진상폐,재무없음,,,2025,46.3,13.1,2025-12-15
457390,대신밸런스제15호기업인수목적,피인수상폐,피인수상폐,정상,0.0,,2025,100.0,23.8,2025-05-14
457630,대신밸런스제16호기업인수목적,피인수상폐,피인수상폐,정상,0.0,,2026,98.8,-0.2,2026-04-14
457940,에스케이증권제10호기업인수목적,피인수상폐,피인수상폐,정상,1.0,,2026,99.1,0.0,2026-03-13
458320,케이비제26호기업인수목적,피인수상폐,피인수상폐,정상,0.0,,2025,99.7,14.2,2025-03-27
458610,한국제12호기업인수목적,피인수상폐,피인수상폐,정상,0.0,,2026,95.7,-1.2,2026-04-02
468510,삼성기업인수목적9호,피인수상폐,피인수상폐,정상,0.0,,2025,92.5,-0.5,2025-06-16
473370,비엔케이제2호기업인수목적,피인수상폐,피인수상폐,정상,1.0,,2026,97.5,-1.2,2026-04-02
476470,케이비제28호기업인수목적,피인수상폐,피인수상폐,정상,0.0,,2025,91.3,1.2,2025-07-08
477530,한국제14호기업인수목적,피인수상폐,피인수상폐,정상,1.0,,2025,100.0,26.9,2025-04-28
478780,대신밸런스제18호기업인수목적,피인수상폐,피인수상폐,정상,0.0,,2026,89.5,18.6,2026-01-13
495900,에이엠시지,자진상폐,자진상폐,재무없음,,,2026,35.7,-16.0,2026-01-26
900010,3노드디지탈그룹유한공사,피인수상폐,피인수상폐,재무없음,,,2013,99.6,0.4,2013-06-04
900020,코웰이홀딩스유한공사,피인수상폐,피인수상폐,재무없음,,,2011,98.5,0.0,2011-11-25
900030,연합과기공고유한공사,부실상폐,소형·재무자료없음,재무없음,,,2012,0.4,-99.4,2012-09-13
900040,차이나그레이트스타인터내셔널리미티드,부실상폐,급성붕괴(정상재무→급락:횡령·감사의견 추정),정상,1.0,,2020,2.3,-97.7,2020-05-21
900050,중국원양자원유한공사,부실상폐,부분자본잠식,부분자본잠식,2.0,2016.0,2017,3.1,-93.7,2017-09-26
900060,중국식품포장유한공사,피인수상폐,피인수상폐,재무없음,,,2013,81.1,0.0,2013-10-10
900080,에스앤씨엔진그룹리미티드,부실상폐,급성붕괴(정상재무→급락:횡령·감사의견 추정),정상,0.0,,2021,10.7,-89.3,2021-06-11
900090,차이나하오란리사이클링유한공사,부실상폐,급성붕괴(정상재무→급락:횡령·감사의견 추정),정상,1.0,,2018,3.5,-96.5,2018-12-28
900130,웨이포트유한공사,자진상폐,자진상폐,정상,2.0,,2017,50.0,-22.4,2017-07-24
900150,성융광전투자유한공사,부실상폐,소형·재무자료없음,재무없음,,,2012,0.7,-98.3,2012-09-25
900180,완리인터내셔널홀딩스,부실상폐,급성붕괴(정상재무→급락:횡령·감사의견 추정),정상,0.0,,2018,2.3,-95.4,2018-05-21
900280,케이만금세기차륜집단유한공사,부실상폐,급성붕괴(정상재무→급락:횡령·감사의견 추정),정상,1.0,,2025,0.6,-99.0,2025-01-07
950010,평산차업집단유한공사,부실상폐,일반부실(재무불명),정상,1.0,,2015,6.6,-57.2,2015-11-04
950030,네프로아이티,부실상폐,소형·재무자료없음,재무없음,,,2011,0.5,-99.2,2011-11-04
950070,중국고섬공고유한공사,자진상폐,자진상폐,재무없음,,,2013,27.6,-72.4,2013-10-02
950100,아루히,피인수상폐,피인수상폐,재무없음,,,2015,100.0,1.1,2015-01-06
950110,SBI핀테크솔루션즈,피인수상폐,피인수상폐,정상,1.0,,2025,99.0,0.2,2025-07-23
950180,에스앤케이,피인수상폐,피인수상폐,정상,1.0,,2022,98.1,-0.1,2022-05-17
